,PayerId,ReceiverId,invoiceId,paidAt,amount,amountfinancedByXepelin,status,month,duplicatedTransaction,repetitionPayers,repetitionReceivers,proportionPayerId,proportionReceiverId
0,53,10,18660729,2021-08-23 00:00:00,1490.46,0.0,PAID,8.0,0,5,12,1.0,0.9166666666666666
1,87,10,18661296,2021-07-19 00:00:00,1723.86,0.0,PAID,7.0,0,8,12,1.0,0.9166666666666666
2,58,10,18661329,2021-07-22 00:00:00,16240.0,5485.98,PAID,7.0,0,5,12,1.0,0.9166666666666666
3,49,10,18661129,2021-08-10 00:00:00,1139.86,0.0,PAID,8.0,0,8,12,1.0,0.9166666666666666
4,75,10,18661729,2021-08-24 00:00:00,43732.0,5333.31,PAID,8.0,0,9,12,1.0,0.9166666666666666
5,52,10,18661696,,710.2,0.0,PAID,9.0,0,8,12,1.0,0.9166666666666666
6,189,10,18660896,2021-08-24 00:00:00,1490.46,0.0,PAID,8.0,0,3,12,1.0,0.9166666666666666
7,110,10,18661529,,7297.2,0.0,PAID,9.0,0,12,12,1.0,0.9166666666666666
8,25,10,18660929,2021-05-19 00:00:00,1447.86,0.0,PAID,5.0,0,3,12,1.0,0.9166666666666666
9,59,10,18661096,2021-08-20 00:00:00,1490.26,0.0,PAID,8.0,0,8,12,1.0,0.9166666666666666
10,51,10,18661896,,1490.26,0.0,FAILED,,0,6,12,0.8333333333333334,0.9166666666666666
11,115,10,18661496,,1867.6,0.0,PAID,9.0,0,4,12,1.0,0.9166666666666666
12,53,88,18660898,2021-07-12 00:00:00,1490.46,0.0,PAID,7.0,0,5,12,1.0,0.9166666666666666
13,153,88,18661462,,1867.6,0.0,PAID,9.0,0,13,12,1.0,0.9166666666666666
14,80,88,18661298,2021-07-19 00:00:00,285786.88,57156.53,PAID,7.0,0,9,12,1.0,0.9166666666666666
15,121,88,18661262,2021-08-11 00:00:00,1490.26,0.0,PAID,8.0,0,7,12,0.8571428571428571,0.9166666666666666
16,169,88,18660862,2021-06-08 18:42:00,41470.0,15235.36,PAID,6.0,1,10,12,1.0,0.9166666666666666
17,169,88,18661062,2021-08-31 00:00:00,947.86,0.0,PAID,8.0,1,10,12,1.0,0.9166666666666666
18,78,88,18661498,,2357.0,0.0,PAID,9.0,0,3,12,1.0,0.9166666666666666
19,76,88,18661698,2021-07-30 00:00:00,710.4,0.0,PAID,7.0,0,7,12,1.0,0.9166666666666666
20,147,88,18661862,,1490.26,0.0,PAID,9.0,0,7,12,1.0,0.9166666666666666
21,83,88,18661098,2021-08-20 00:00:00,1477.46,0.0,PAID,8.0,0,8,12,1.0,0.9166666666666666
22,123,88,18661898,,1447.86,0.0,FAILED,,0,9,12,0.8888888888888888,0.9166666666666666
23,163,88,18661662,2021-08-02 00:00:00,1490.46,0.0,PAID,8.0,0,7,12,1.0,0.9166666666666666
24,53,55,18661286,2021-08-17 00:00:00,1490.46,0.0,PAID,8.0,0,5,24,1.0,0.875
25,80,55,18661328,2021-09-13 00:00:00,4595.18,4595.18,PAID,9.0,0,9,24,1.0,0.875
26,76,55,18661716,,710.4,0.0,PAID,9.0,0,7,24,1.0,0.875
27,157,55,18661916,,17168.0,17168.0,FAILED,,0,5,24,0.8,0.875
28,26,55,18661911,,1080.4,0.0,FAILED,,0,5,24,0.8,0.875
29,11,55,18661111,2021-07-01 00:00:00,43128.8,15087.87,PAID,7.0,1,6,24,1.0,0.875
30,11,55,18661116,2021-08-12 00:00:00,39813.52,39813.52,PAID,8.0,1,6,24,1.0,0.875
31,18,55,18660886,2021-06-25 00:00:00,1490.26,0.0,PAID,6.0,0,10,24,0.9,0.875
32,150,55,18661316,2021-07-12 00:00:00,1225.46,0.0,PAID,7.0,1,6,24,1.0,0.875
33,150,55,18661486,,1867.4,0.0,PAID,9.0,1,6,24,1.0,0.875
34,106,55,18661311,2021-07-12 00:00:00,1490.46,0.0,PAID,7.0,0,8,24,1.0,0.875
35,149,55,18661711,,1490.26,0.0,PAID,9.0,0,6,24,0.8333333333333334,0.875
36,187,55,18661086,2021-08-09 00:00:00,725.46,0.0,PAID,8.0,0,5,24,1.0,0.875
37,24,55,18661511,,4046.2,0.0,PAID,9.0,0,7,24,1.0,0.875
38,146,55,18660916,2021-08-23 00:00:00,74541.6,74541.6,PAID,8.0,0,10,24,1.0,0.875
39,22,55,18660911,2021-08-23 00:00:00,1693.86,0.0,PAID,8.0,0,3,24,1.0,0.875
40,29,55,18661516,,287.4,0.0,PAID,9.0,0,9,24,1.0,0.875
41,27,55,18660928,2021-05-19 00:00:00,4054.06,0.0,PAID,5.0,0,8,24,1.0,0.875
42,95,55,18661128,2021-08-10 00:00:00,1139.66,0.0,PAID,8.0,0,8,24,1.0,0.875
43,136,55,18661886,,2678.4,0.0,PAID,9.0,0,7,24,1.0,0.875
44,19,55,18661686,2021-07-30 00:00:00,1490.26,0.0,PAID,7.0,0,3,24,0.6666666666666666,0.875
45,65,55,18661728,2021-08-24 00:00:00,101791.16,36147.1,PAID,8.0,1,4,24,0.75,0.875
46,65,55,18661928,,1490.46,0.0,FAILED,,1,4,24,0.75,0.875
47,69,55,18661528,,11924.22,945.72,PAID,9.0,0,3,24,1.0,0.875
48,53,34,18661741,,116450.08,44035.81,PAID,9.0,0,5,12,1.0,1.0
49,87,34,18660775,2021-08-23 00:00:00,1490.46,0.0,PAID,8.0,0,8,12,1.0,1.0
50,11,34,18661375,2021-08-17 00:00:00,103187.8,103187.8,PAID,8.0,0,6,12,1.0,1.0
51,122,34,18661575,,4054.26,0.0,PAID,9.0,0,8,12,1.0,1.0
52,55,34,18660741,2021-03-02 00:00:00,1477.46,0.0,PAID,3.0,0,6,12,1.0,1.0
53,164,34,18661141,2021-08-10 00:00:00,2398.06,0.0,PAID,8.0,0,8,12,1.0,1.0
54,129,34,18661341,2021-07-21 00:00:00,6674.64,2068.77,PAID,7.0,0,7,12,1.0,1.0
55,111,34,18661775,2021-07-20 00:00:00,1490.46,0.0,PAID,7.0,0,5,12,1.0,1.0
56,9,34,18660941,2021-05-14 00:00:00,476714.21,476714.21,PAID,5.0,0,8,12,0.875,1.0
57,56,34,18661541,,30524.24,30524.24,PAID,9.0,0,7,12,1.0,1.0
58,5,34,18660975,2021-06-07 00:00:00,25564.08,8303.25,PAID,6.0,0,4,12,1.0,1.0
59,171,34,18661175,2021-08-23 00:00:00,1139.66,0.0,PAID,8.0,0,6,12,1.0,1.0
60,53,58,18661786,2021-07-20 00:00:00,743.66,0.0,PAID,7.0,0,5,84,1.0,0.9880952380952381
61,75,58,18661589,,1490.26,0.0,PAID,9.0,0,9,84,1.0,0.9880952380952381
62,52,58,18660821,2021-07-12 00:00:00,1592.46,0.0,PAID,7.0,1,8,84,1.0,0.9880952380952381
63,52,58,18661238,2021-08-05 00:00:00,1490.26,0.0,PAID,8.0,1,8,84,1.0,0.9880952380952381
64,52,58,18661638,2021-08-02 00:00:00,1490.46,0.0,PAID,8.0,1,8,84,1.0,0.9880952380952381
65,80,58,18660750,2021-05-12 00:00:00,60006.8,18408.11,PAID,5.0,0,9,84,1.0,0.9880952380952381
66,121,58,18661109,2021-08-20 00:00:00,990.46,0.0,PAID,8.0,0,7,84,0.8571428571428571,0.9880952380952381
67,83,58,18661009,2021-06-07 00:00:00,1113.66,0.0,PAID,6.0,0,8,84,1.0,0.9880952380952381
68,123,58,18661389,2021-09-20 00:00:00,1490.26,0.0,PAID,9.0,0,9,84,0.8888888888888888,0.9880952380952381
69,157,58,18661625,2021-08-03 00:00:00,119.4,0.0,PAID,8.0,0,5,84,0.8,0.9880952380952381
70,24,58,18661025,2021-06-07 00:00:00,990.26,0.0,PAID,6.0,0,7,84,1.0,0.9880952380952381
71,146,58,18661390,2021-09-20 00:00:00,2398.06,0.0,PAID,9.0,1,10,84,1.0,0.9880952380952381
72,146,58,18661550,,23548.0,23548.0,PAID,9.0,1,10,84,1.0,0.9880952380952381
73,146,58,18661789,2021-07-20 00:00:00,1225.66,0.0,PAID,7.0,1,10,84,1.0,0.9880952380952381
74,27,58,18660950,2021-08-23 00:00:00,3317.6,820.02,PAID,8.0,0,8,84,1.0,0.9880952380952381
75,95,58,18661562,,1490.26,0.0,PAID,9.0,1,8,84,1.0,0.9880952380952381
76,95,58,18661808,,2266.86,0.0,PAID,9.0,1,8,84,1.0,0.9880952380952381
77,65,58,18661425,2021-09-13 00:00:00,1313.66,0.0,PAID,9.0,0,4,84,0.75,0.9880952380952381
78,129,58,18660787,2021-04-14 00:00:00,47195.76,47195.76,PAID,4.0,0,7,84,1.0,0.9880952380952381
79,56,58,18660899,2021-05-25 16:54:00,10774.08,10774.08,PAID,5.0,0,7,84,1.0,0.9880952380952381
80,85,58,18661186,2021-07-12 00:00:00,1139.86,0.0,PAID,7.0,0,7,84,1.0,0.9880952380952381
81,99,58,18660808,2021-08-19 00:00:00,1394.86,0.0,PAID,8.0,1,6,84,1.0,0.9880952380952381
82,99,58,18661621,2021-08-03 00:00:00,864.8,0.0,PAID,8.0,1,6,84,1.0,0.9880952380952381
83,126,58,18661187,2021-05-12 21:51:00,1490.26,0.0,PAID,5.0,0,6,84,1.0,0.9880952380952381
84,151,58,18661408,2021-07-23 00:00:00,1490.26,0.0,PAID,7.0,0,13,84,0.9230769230769231,0.9880952380952381
85,104,58,18661225,2021-08-05 00:00:00,6000.0,2537.21,PAID,8.0,0,8,84,1.0,0.9880952380952381
86,114,58,18660809,2021-08-19 00:00:00,1447.86,0.0,PAID,8.0,1,8,84,1.0,0.9880952380952381
87,114,58,18661587,,1490.46,0.0,PAID,9.0,1,8,84,1.0,0.9880952380952381
88,154,58,18661189,2021-07-12 00:00:00,1490.26,0.0,PAID,7.0,0,5,84,0.8,0.9880952380952381
89,167,58,18660762,2021-05-12 00:00:00,6035.48,74.44,PAID,5.0,1,6,84,1.0,0.9880952380952381
90,167,58,18661038,2021-06-07 00:00:00,1490.46,0.0,PAID,6.0,1,6,84,1.0,0.9880952380952381
91,60,58,18661421,2021-09-13 00:00:00,1447.86,0.0,PAID,9.0,0,3,84,1.0,0.9880952380952381
92,10,58,18661750,,2268.46,0.0,PAID,9.0,0,6,84,1.0,0.9880952380952381
93,41,58,18661909,,1490.26,0.0,FAILED,,0,4,84,0.75,0.9880952380952381
94,156,58,18661162,2021-09-07 00:00:00,1920.46,0.0,PAID,9.0,0,8,84,1.0,0.9880952380952381
95,127,58,18661838,2021-06-18 00:00:00,785.66,0.0,PAID,6.0,0,5,84,1.0,0.9880952380952381
96,145,58,18661899,2021-08-19 00:00:00,1490.46,0.0,PAID,8.0,0,7,84,1.0,0.9880952380952381
97,159,58,18661586,,1490.26,0.0,PAID,9.0,0,4,84,1.0,0.9880952380952381
98,47,58,18661021,2021-06-07 00:00:00,39859.15,7000.95,PAID,6.0,0,5,84,1.0,0.9880952380952381
99,35,58,18660786,2021-05-21 00:00:00,160680.79,160680.79,PAID,5.0,0,5,84,1.0,0.9880952380952381
100,143,58,18660789,2021-05-13 20:19:00,1490.46,0.0,PAID,5.0,1,8,84,1.0,0.9880952380952381
101,143,58,18661790,2021-07-20 00:00:00,1041.86,0.0,PAID,7.0,1,8,84,1.0,0.9880952380952381
102,148,58,18660790,2021-08-23 00:00:00,1490.46,0.0,PAID,8.0,0,6,84,1.0,0.9880952380952381
103,120,58,18660987,2021-06-07 00:00:00,11669.6,11669.6,PAID,6.0,0,5,84,0.8,0.9880952380952381
104,77,58,18661008,2021-06-07 00:00:00,1490.26,0.0,PAID,6.0,0,5,84,1.0,0.9880952380952381
105,134,58,18661221,2021-09-07 00:00:00,48372.0,23421.13,PAID,9.0,0,7,84,1.0,0.9880952380952381
106,162,58,18661035,2021-06-07 00:00:00,1225.46,0.0,PAID,6.0,0,7,84,1.0,0.9880952380952381
107,173,58,18661208,2021-05-17 00:00:00,595.26,0.0,PAID,5.0,0,5,84,1.0,0.9880952380952381
108,144,58,18660825,2021-07-30 00:00:00,990.26,0.0,PAID,7.0,0,4,84,1.0,0.9880952380952381
109,39,58,18661821,,4000.0,4000.0,PAID,9.0,0,5,84,1.0,0.9880952380952381
110,15,58,18661190,2021-07-12 00:00:00,238484.4,3300.74,PAID,7.0,0,4,84,1.0,0.9880952380952381
111,82,58,18660835,2021-04-29 15:31:00,1490.46,0.0,PAID,4.0,0,8,84,0.875,0.9880952380952381
112,17,58,18660838,2021-06-09 00:00:00,1113.66,0.0,PAID,6.0,0,5,84,1.0,0.9880952380952381
113,89,58,18660986,2021-06-07 00:00:00,364.8,0.0,PAID,6.0,1,7,84,0.8571428571428571,0.9880952380952381
114,89,58,18661438,2021-07-09 00:00:00,1490.46,0.0,PAID,7.0,1,7,84,0.8571428571428571,0.9880952380952381
115,1,58,18660962,2021-08-23 00:00:00,1885.46,0.0,PAID,8.0,0,8,84,1.0,0.9880952380952381
116,100,58,18661609,2021-07-20 00:00:00,710.4,0.0,PAID,7.0,0,8,84,1.0,0.9880952380952381
117,184,58,18661709,,710.4,0.0,PAID,9.0,0,11,84,1.0,0.9880952380952381
118,13,58,18661699,2021-07-30 00:00:00,1022.2,0.0,PAID,7.0,0,5,84,1.0,0.9880952380952381
119,192,58,18660990,2021-06-07 00:00:00,1490.46,0.0,PAID,6.0,1,8,84,1.0,0.9880952380952381
120,192,58,18661809,,57420.0,0.0,PAID,9.0,1,8,84,1.0,0.9880952380952381
121,98,58,18661409,2021-09-14 00:00:00,1920.46,0.0,PAID,9.0,0,4,84,1.0,0.9880952380952381
122,61,58,18661350,2021-07-13 00:00:00,430960.88,134514.66,PAID,7.0,0,11,84,0.8181818181818182,0.9880952380952381
123,45,58,18661635,2021-08-02 00:00:00,1193.66,0.0,PAID,8.0,0,3,84,1.0,0.9880952380952381
124,81,58,18661362,2021-09-15 00:00:00,1490.46,0.0,PAID,9.0,0,6,84,1.0,0.9880952380952381
125,101,58,18661099,2021-08-20 00:00:00,1490.46,0.0,PAID,8.0,0,8,84,1.0,0.9880952380952381
126,178,58,18660909,2021-08-23 00:00:00,1490.26,0.0,PAID,8.0,0,3,84,1.0,0.9880952380952381
127,155,58,18661209,2021-05-17 00:00:00,2678.4,0.0,PAID,5.0,1,11,84,1.0,0.9880952380952381
128,155,58,18661590,,1383.66,0.0,PAID,9.0,1,11,84,1.0,0.9880952380952381
129,118,58,18661762,2021-07-20 00:00:00,1592.46,0.0,PAID,7.0,0,5,84,1.0,0.9880952380952381
130,198,58,18661825,2021-07-06 00:00:00,1000.01,1000.01,PAID,7.0,0,5,84,1.0,0.9880952380952381
131,199,58,18661435,2021-06-16 00:00:00,1490.26,0.0,PAID,6.0,0,8,84,1.0,0.9880952380952381
132,175,58,18661299,2021-07-19 00:00:00,1475.86,0.0,PAID,7.0,1,8,84,1.0,0.9880952380952381
133,175,58,18661608,2021-07-20 00:00:00,864.8,0.0,PAID,7.0,1,8,84,1.0,0.9880952380952381
134,141,58,18660989,2021-06-07 00:00:00,559.26,0.0,PAID,6.0,0,7,84,1.0,0.9880952380952381
135,193,58,18661387,2021-07-19 00:00:00,1490.26,0.0,PAID,7.0,0,4,84,1.0,0.9880952380952381
136,140,58,18661235,2021-08-05 00:00:00,84007.0,0.0,PAID,8.0,0,5,84,0.8,0.9880952380952381
137,166,58,18661309,2021-05-31 00:00:00,4054.06,0.0,PAID,5.0,1,8,84,0.875,0.9880952380952381
138,166,58,18661509,,1688.0,0.0,PAID,9.0,1,8,84,0.875,0.9880952380952381
139,107,58,18661150,2021-08-10 00:00:00,833.6,0.0,PAID,8.0,0,5,84,1.0,0.9880952380952381
140,48,58,18661787,2021-07-20 00:00:00,1490.26,0.0,PAID,7.0,0,4,84,1.0,0.9880952380952381
141,128,58,18661499,,11924.22,11924.22,PAID,9.0,0,6,84,1.0,0.9880952380952381
142,73,58,18661835,2021-06-18 00:00:00,1490.46,0.0,PAID,6.0,0,6,84,1.0,0.9880952380952381
143,137,58,18661386,2021-07-19 00:00:00,1490.46,0.0,PAID,7.0,0,5,84,1.0,0.9880952380952381
144,87,35,18661161,2021-09-07 00:00:00,93681.6,93681.6,PAID,9.0,0,8,18,1.0,1.0
145,163,35,18661142,2021-08-10 00:00:00,1139.86,0.0,PAID,8.0,0,7,18,1.0,1.0
146,157,35,18660761,2021-05-12 00:00:00,8572.4,462.92,PAID,5.0,1,5,18,0.8,1.0
147,157,35,18660942,2021-05-14 00:00:00,572014.47,254481.95,PAID,5.0,1,5,18,0.8,1.0
148,106,35,18661482,,3530.0,0.0,PAID,9.0,0,8,18,1.0,1.0
149,164,35,18660882,2021-08-25 00:00:00,1225.46,0.0,PAID,8.0,0,8,18,1.0,1.0
150,104,35,18660742,2021-04-14 00:00:00,29885.81,13855.47,PAID,4.0,0,8,18,1.0,1.0
151,114,35,18661761,,1402.06,0.0,PAID,9.0,0,8,18,1.0,1.0
152,173,35,18661342,2021-08-10 00:00:00,5220.0,5220.0,PAID,8.0,0,5,18,1.0,1.0
153,73,35,18661542,,11924.22,1427.83,PAID,9.0,0,6,18,1.0,1.0
154,93,35,18661082,2021-08-20 00:00:00,725.46,0.0,PAID,8.0,0,6,18,1.0,1.0
155,160,35,18661361,2021-09-06 00:00:00,13402.64,5746.92,PAID,9.0,0,3,18,1.0,1.0
156,42,35,18661682,2021-07-30 00:00:00,37799.76,37799.76,PAID,7.0,0,8,18,0.875,1.0
157,135,35,18660961,2021-08-23 00:00:00,1447.86,0.0,PAID,8.0,0,6,18,0.8333333333333334,1.0
158,170,35,18661882,,1447.86,0.0,PAID,9.0,0,3,18,1.0,1.0
159,90,35,18661561,,1490.46,0.0,PAID,9.0,0,7,18,1.0,1.0
160,86,35,18661742,2021-08-02 00:00:00,1490.26,0.0,PAID,8.0,0,4,18,1.0,1.0
161,112,35,18661282,2021-07-16 00:00:00,1490.46,0.0,PAID,7.0,0,11,18,1.0,1.0
162,87,14,18660733,2021-07-23 00:00:00,20532.0,20532.0,PAID,7.0,0,8,186,1.0,1.0
163,58,14,18660865,2021-09-30 00:00:00,1041.26,0.0,PAID,9.0,1,5,186,1.0,1.0
164,58,14,18661853,,1490.46,0.0,PAID,9.0,1,5,186,1.0,1.0
165,49,14,18661859,,1490.26,0.0,PAID,9.0,0,8,186,1.0,1.0
166,75,14,18661065,2021-06-29 00:00:00,7018.0,7018.0,PAID,6.0,1,9,186,1.0,1.0
167,75,14,18661454,,2581.4,0.0,PAID,9.0,1,9,186,1.0,1.0
168,52,14,18661839,2021-06-18 00:00:00,1002.06,0.0,PAID,6.0,0,8,186,1.0,1.0
169,110,14,18661266,2021-09-06 00:00:00,1490.46,0.0,PAID,9.0,0,12,186,1.0,1.0
170,25,14,18661639,,1490.46,0.0,PAID,9.0,0,3,186,1.0,1.0
171,59,14,18660933,2021-05-14 00:00:00,1490.26,0.0,PAID,5.0,0,8,186,1.0,1.0
172,51,14,18661868,,1792.46,0.0,PAID,9.0,1,6,186,0.8333333333333334,1.0
173,51,14,18661876,,1983.26,0.0,PAID,9.0,1,6,186,0.8333333333333334,1.0
174,153,14,18661068,2021-06-29 00:00:00,39453.63,0.0,PAID,6.0,1,13,186,1.0,1.0
175,153,14,18661439,2021-05-28 21:02:00,1490.26,0.0,PAID,5.0,1,13,186,1.0,1.0
176,121,14,18660759,2021-05-12 00:00:00,6418.28,6418.28,PAID,5.0,0,7,186,0.8571428571428571,1.0
177,76,14,18660857,2021-04-20 15:53:00,990.46,0.0,PAID,4.0,0,7,186,1.0,1.0
178,147,14,18661806,,1490.46,0.0,PAID,9.0,0,7,186,1.0,1.0
179,83,14,18661067,2021-06-29 00:00:00,18591.39,104.72,PAID,6.0,0,8,186,1.0,1.0
180,123,14,18661071,2021-06-29 00:00:00,9059.6,9059.6,PAID,6.0,0,9,186,0.8888888888888888,1.0
181,163,14,18661674,2021-05-27 22:50:00,243.26,0.0,PAID,5.0,0,7,186,1.0,1.0
182,157,14,18660959,2021-08-23 00:00:00,1050.26,0.0,PAID,8.0,0,5,186,0.8,1.0
183,18,14,18660836,2021-07-30 00:00:00,1792.46,0.0,PAID,7.0,1,10,186,0.9,1.0
184,18,14,18661254,2021-07-21 00:00:00,1490.46,0.0,PAID,7.0,1,10,186,0.9,1.0
185,106,14,18660868,2021-06-22 00:00:00,4054.26,0.0,PAID,6.0,1,8,186,1.0,1.0
186,106,14,18661559,,1867.6,0.0,PAID,9.0,1,8,186,1.0,1.0
187,149,14,18660875,2021-05-18 00:00:00,1490.46,0.0,PAID,5.0,0,6,186,0.8333333333333334,1.0
188,24,14,18661666,,710.4,0.0,PAID,9.0,1,7,186,1.0,1.0
189,24,14,18661869,,7579.44,7579.44,PAID,9.0,1,7,186,1.0,1.0
190,29,14,18661059,2021-07-02 00:00:00,1190.46,0.0,PAID,7.0,1,9,186,1.0,1.0
191,29,14,18661358,2021-07-02 00:00:00,158108.0,9258.81,PAID,7.0,1,9,186,1.0,1.0
192,29,14,18661636,2021-08-02 00:00:00,1490.46,0.0,PAID,8.0,1,9,186,1.0,1.0
193,95,14,18661055,2021-09-07 00:00:00,1490.46,0.0,PAID,9.0,1,8,186,1.0,1.0
194,95,14,18661606,,710.4,0.0,PAID,9.0,1,8,186,1.0,1.0
195,95,14,18661874,,1225.46,0.0,PAID,9.0,1,8,186,1.0,1.0
196,65,14,18661676,,694.8,0.0,PAID,9.0,0,4,186,0.75,1.0
197,55,14,18661159,2021-09-07 00:00:00,1225.66,0.0,PAID,9.0,0,6,186,1.0,1.0
198,129,14,18661877,,1027.06,0.0,PAID,9.0,0,7,186,1.0,1.0
199,111,14,18660806,2021-06-24 00:00:00,7830.0,413.45,PAID,6.0,0,5,186,1.0,1.0
200,9,14,18660873,2021-06-18 18:03:00,1118.26,0.0,PAID,6.0,1,8,186,0.875,1.0
201,9,14,18661679,2021-07-30 00:00:00,1376.8,0.0,PAID,7.0,1,8,186,0.875,1.0
202,56,14,18661854,,1440.06,0.0,PAID,9.0,0,7,186,1.0,1.0
203,5,14,18661261,2021-06-16 00:00:00,1723.86,0.0,PAID,6.0,0,4,186,1.0,1.0
204,126,14,18661053,2021-06-07 00:00:00,1225.46,0.0,PAID,6.0,1,6,186,1.0,1.0
205,126,14,18661875,,39087.36,39087.36,PAID,9.0,1,6,186,1.0,1.0
206,151,14,18661855,,1225.46,0.0,PAID,9.0,1,13,186,0.9230769230769231,1.0
207,151,14,18661858,,1490.46,0.0,PAID,9.0,1,13,186,0.9230769230769231,1.0
208,104,14,18660874,2021-07-13 00:00:00,284548.0,284548.0,PAID,7.0,1,8,186,1.0,1.0
209,104,14,18661479,,287.2,0.0,PAID,9.0,1,8,186,1.0,1.0
210,60,14,18661471,,1867.6,0.0,PAID,9.0,0,3,186,1.0,1.0
211,156,14,18661677,2021-07-30 00:00:00,2378.0,2378.0,PAID,7.0,0,8,186,1.0,1.0
212,127,14,18661072,2021-06-30 00:00:00,34684.0,14613.45,PAID,6.0,0,5,186,1.0,1.0
213,47,14,18661870,,1490.46,0.0,PAID,9.0,0,5,186,1.0,1.0
214,35,14,18661455,,4887.2,0.0,PAID,9.0,0,5,186,1.0,1.0
215,143,14,18661452,,9421.52,2416.86,PAID,9.0,0,8,186,1.0,1.0
216,148,14,18660872,2021-05-26 18:41:00,1050.26,0.0,PAID,5.0,0,6,186,1.0,1.0
217,77,14,18661279,2021-07-16 00:00:00,1490.46,0.0,PAID,7.0,1,5,186,1.0,1.0
218,77,14,18661667,,694.8,0.0,PAID,9.0,1,5,186,1.0,1.0
219,162,14,18660839,2021-07-30 00:00:00,1490.26,0.0,PAID,7.0,1,7,186,1.0,1.0
220,162,14,18661459,,1867.6,0.0,PAID,9.0,1,7,186,1.0,1.0
221,144,14,18661458,,1688.0,0.0,PAID,9.0,0,4,186,1.0,1.0
222,39,14,18661242,2021-08-03 00:00:00,917.66,0.0,PAID,8.0,0,5,186,1.0,1.0
223,82,14,18661276,2021-07-14 00:00:00,1490.46,0.0,PAID,7.0,0,8,186,0.875,1.0
224,17,14,18660852,2021-07-30 00:00:00,1490.26,0.0,PAID,7.0,0,5,186,1.0,1.0
225,1,14,18661469,,2357.2,0.0,PAID,9.0,0,8,186,1.0,1.0
226,100,14,18660853,2021-05-05 18:05:00,1447.86,0.0,PAID,5.0,1,8,186,1.0,1.0
227,100,14,18661406,2021-07-23 00:00:00,1225.46,0.0,PAID,7.0,1,8,186,1.0,1.0
228,184,14,18660866,2021-09-30 00:00:00,1490.46,0.0,PAID,9.0,1,11,186,1.0,1.0
229,184,14,18661236,2021-08-05 00:00:00,658422.7,100416.36,PAID,8.0,1,11,186,1.0,1.0
230,13,14,18660870,2021-08-25 00:00:00,29000.0,2189.61,PAID,8.0,0,5,186,1.0,1.0
231,192,14,18660877,2021-05-18 00:00:00,4035.06,0.0,PAID,5.0,0,8,186,1.0,1.0
232,61,14,18661076,2021-07-19 00:00:00,990.26,0.0,PAID,7.0,1,11,186,0.8181818181818182,1.0
233,61,14,18661466,,3933.0,0.0,PAID,9.0,1,11,186,0.8181818181818182,1.0
234,81,14,18661670,2021-07-30 00:00:00,852.4,0.0,PAID,7.0,0,6,186,1.0,1.0
235,101,14,18661436,2021-06-16 00:00:00,1490.26,0.0,PAID,6.0,0,8,186,1.0,1.0
236,178,14,18661273,2021-07-14 00:00:00,1225.46,0.0,PAID,7.0,1,3,186,1.0,1.0
237,178,14,18661665,,710.4,0.0,PAID,9.0,1,3,186,1.0,1.0
238,155,14,18661069,2021-06-29 00:00:00,1313.86,0.0,PAID,6.0,1,11,186,1.0,1.0
239,155,14,18661847,,4418.44,4418.44,PAID,9.0,1,11,186,1.0,1.0
240,118,14,18661449,2021-08-24 00:00:00,1447.86,0.0,PAID,8.0,0,5,186,1.0,1.0
241,199,14,18661457,,923.4,0.0,PAID,9.0,1,8,186,1.0,1.0
242,199,14,18661474,,11924.22,1837.31,PAID,9.0,1,8,186,1.0,1.0
243,141,14,18661073,2021-07-19 00:00:00,7018.0,7018.0,PAID,7.0,1,7,186,1.0,1.0
244,141,14,18661206,2021-05-17 00:00:00,1161.06,0.0,PAID,5.0,1,7,186,1.0,1.0
245,193,14,18661475,,1867.6,0.0,PAID,9.0,1,4,186,1.0,1.0
246,193,14,18661857,,1490.26,0.0,PAID,9.0,1,4,186,1.0,1.0
247,48,14,18661871,,1050.26,0.0,PAID,9.0,0,4,186,1.0,1.0
248,128,14,18661255,2021-07-09 00:00:00,1050.26,0.0,PAID,7.0,0,6,186,1.0,1.0
249,73,14,18661239,2021-08-17 00:00:00,1490.46,0.0,PAID,8.0,1,6,186,1.0,1.0
250,73,14,18661267,2021-09-06 00:00:00,1490.46,0.0,PAID,9.0,1,6,186,1.0,1.0
251,93,14,18661672,,710.4,0.0,PAID,9.0,0,6,186,1.0,1.0
252,84,14,18660842,2021-05-18 00:00:00,1225.46,0.0,PAID,5.0,1,7,186,1.0,1.0
253,84,14,18661258,2021-06-16 00:00:00,1490.46,0.0,PAID,6.0,1,7,186,1.0,1.0
254,84,14,18661259,2021-06-16 00:00:00,1490.26,0.0,PAID,6.0,1,7,186,1.0,1.0
255,44,14,18660847,2021-07-30 00:00:00,1490.26,0.0,PAID,7.0,1,9,186,1.0,1.0
256,44,14,18661049,2021-06-07 00:00:00,100224.0,100224.0,PAID,6.0,1,9,186,1.0,1.0
257,44,14,18661333,2021-09-06 00:00:00,41283.08,41283.08,PAID,9.0,1,9,186,1.0,1.0
258,44,14,18661558,,3828.0,1799.28,PAID,9.0,1,9,186,1.0,1.0
259,44,14,18661758,2021-06-15 00:00:00,1430.06,0.0,PAID,6.0,1,9,186,1.0,1.0
260,161,14,18661668,2021-08-02 00:00:00,1490.46,0.0,PAID,8.0,1,5,186,1.0,1.0
261,161,14,18661852,,1157.86,0.0,PAID,9.0,1,5,186,1.0,1.0
262,161,14,18661879,,1225.46,0.0,PAID,9.0,1,5,186,1.0,1.0
263,66,14,18660858,2021-05-12 00:00:00,7238.4,7238.4,PAID,5.0,1,6,186,0.8333333333333334,1.0
264,66,14,18661061,2021-06-22 00:00:00,47559.83,47559.83,PAID,6.0,1,6,186,0.8333333333333334,1.0
265,66,14,18661075,2021-07-19 00:00:00,530728.26,62318.62,PAID,7.0,1,6,186,0.8333333333333334,1.0
266,28,14,18660758,2021-05-12 00:00:00,54712.56,54712.56,PAID,5.0,0,6,186,0.8333333333333334,1.0
267,179,14,18661268,2021-07-22 00:00:00,1490.46,0.0,PAID,7.0,0,5,186,1.0,1.0
268,152,14,18661659,2021-08-02 00:00:00,1490.46,0.0,PAID,8.0,0,9,186,1.0,1.0
269,40,14,18661257,2021-06-16 00:00:00,881.0,0.0,PAID,6.0,0,7,186,1.0,1.0
270,42,14,18661359,2021-07-02 00:00:00,4035.06,0.0,PAID,7.0,0,8,186,0.875,1.0
271,170,14,18661249,2021-07-09 00:00:00,1781.66,0.0,PAID,7.0,0,3,186,1.0,1.0
272,112,14,18661133,2021-08-10 00:00:00,1139.86,0.0,PAID,8.0,0,11,186,1.0,1.0
273,63,14,18660849,2021-03-30 00:00:00,1447.86,0.0,PAID,3.0,1,8,186,1.0,1.0
274,63,14,18660879,2021-08-25 00:00:00,4054.06,0.0,PAID,8.0,1,8,186,1.0,1.0
275,37,14,18661866,,27492.0,7436.87,PAID,9.0,0,8,186,1.0,1.0
276,16,14,18660855,2021-06-10 00:00:00,1885.46,0.0,PAID,6.0,1,15,186,0.9333333333333333,1.0
277,16,14,18661070,2021-06-29 00:00:00,990.26,0.0,PAID,6.0,1,15,186,0.9333333333333333,1.0
278,16,14,18661836,2021-06-18 00:00:00,1693.86,0.0,PAID,6.0,1,15,186,0.9333333333333333,1.0
279,125,14,18660854,2021-05-18 14:23:00,1431.66,0.0,PAID,5.0,1,8,186,1.0,1.0
280,125,14,18661036,2021-06-07 00:00:00,1693.86,0.0,PAID,6.0,1,8,186,1.0,1.0
281,125,14,18661653,2021-08-02 00:00:00,710.4,0.0,PAID,8.0,1,8,186,1.0,1.0
282,196,14,18661077,2021-07-19 00:00:00,8294.0,2471.63,PAID,7.0,0,7,186,1.0,1.0
283,195,14,18661066,2021-06-29 00:00:00,1490.46,0.0,PAID,6.0,1,5,186,1.0,1.0
284,195,14,18661453,,4864.2,0.0,PAID,9.0,1,5,186,1.0,1.0
285,30,14,18661039,2021-06-07 00:00:00,533.4,0.0,PAID,6.0,1,7,186,1.0,1.0
286,30,14,18661252,2021-07-26 00:00:00,4035.06,0.0,PAID,7.0,1,7,186,1.0,1.0
287,30,14,18661470,,697.6,0.0,PAID,9.0,1,7,186,1.0,1.0
288,96,14,18661442,2021-09-27 00:00:00,1490.46,0.0,PAID,9.0,1,7,186,1.0,1.0
289,96,14,18661533,,11924.22,5013.47,PAID,9.0,1,7,186,1.0,1.0
290,158,14,18661675,2021-07-30 00:00:00,1497.0,0.0,PAID,7.0,0,4,186,1.0,1.0
291,31,14,18661647,2021-08-02 00:00:00,719.2,0.0,PAID,8.0,0,9,186,1.0,1.0
292,79,14,18661006,2021-06-07 00:00:00,1190.46,0.0,PAID,6.0,0,6,186,1.0,1.0
293,23,14,18661468,,3933.0,0.0,PAID,9.0,0,5,186,1.0,1.0
294,108,14,18660859,2021-05-12 00:00:00,1113.66,0.0,PAID,5.0,0,4,186,0.75,1.0
295,185,14,18661270,2021-07-14 00:00:00,1490.46,0.0,PAID,7.0,1,8,186,1.0,1.0
296,185,14,18661872,,15056.8,15056.8,PAID,9.0,1,8,186,1.0,1.0
297,72,14,18661733,,28988.4,720.55,PAID,9.0,0,4,186,1.0,1.0
298,94,14,18661673,,1490.46,0.0,PAID,9.0,0,5,186,1.0,1.0
299,109,14,18661079,2021-08-20 00:00:00,1447.86,0.0,PAID,8.0,0,4,186,0.75,1.0
300,57,14,18661269,2021-07-14 00:00:00,1225.46,0.0,PAID,7.0,0,4,186,1.0,1.0
301,36,14,18661271,2021-07-14 00:00:00,1490.46,0.0,PAID,7.0,0,8,186,0.875,1.0
302,7,14,18661057,2021-06-28 00:00:00,1118.26,0.0,PAID,6.0,0,6,186,1.0,1.0
303,133,14,18660861,2021-07-22 00:00:00,1490.46,0.0,PAID,7.0,1,5,186,1.0,1.0
304,133,14,18661865,,15158.88,15158.88,PAID,9.0,1,5,186,1.0,1.0
305,113,14,18660867,2021-05-05 18:09:00,1447.86,0.0,PAID,5.0,1,5,186,1.0,1.0
306,113,14,18661671,2021-07-30 00:00:00,16425.6,4161.49,PAID,7.0,1,5,186,1.0,1.0
307,181,14,18660869,2021-06-22 00:00:00,1490.46,0.0,PAID,6.0,0,6,186,1.0,1.0
308,8,14,18660871,2021-06-22 00:00:00,1317630.45,190011.56,PAID,6.0,1,10,186,1.0,1.0
309,8,14,18661842,2021-06-18 00:00:00,1118.26,0.0,PAID,6.0,1,10,186,1.0,1.0
310,8,14,18661849,,451130.19,451130.19,PAID,9.0,1,10,186,1.0,1.0
311,168,14,18660876,2021-05-18 00:00:00,4035.06,0.0,PAID,5.0,1,4,186,1.0,1.0
312,168,14,18661873,,1447.86,0.0,PAID,9.0,1,4,186,1.0,1.0
313,38,14,18661247,2021-07-09 00:00:00,4035.06,0.0,PAID,7.0,1,7,186,1.0,1.0
314,38,14,18661447,2021-08-24 00:00:00,1490.26,0.0,PAID,8.0,1,7,186,1.0,1.0
315,6,14,18661655,2021-08-02 00:00:00,710.4,0.0,PAID,8.0,0,6,186,1.0,1.0
316,165,14,18661652,2021-08-02 00:00:00,679.2,0.0,PAID,8.0,0,8,186,1.0,1.0
317,12,14,18661275,2021-07-14 00:00:00,1490.46,0.0,PAID,7.0,1,8,186,1.0,1.0
318,12,14,18661467,,1687.8,0.0,PAID,9.0,1,8,186,1.0,1.0
319,67,14,18661272,2021-07-14 00:00:00,60000.0,25084.2,PAID,7.0,1,10,186,1.0,1.0
320,67,14,18661477,,1867.6,0.0,PAID,9.0,1,10,186,1.0,1.0
321,67,14,18661642,,1490.46,0.0,PAID,9.0,1,10,186,1.0,1.0
322,103,14,18660958,2021-08-23 00:00:00,15660.0,15660.0,PAID,8.0,1,5,186,1.0,1.0
323,103,14,18661654,2021-08-02 00:00:00,1490.26,0.0,PAID,8.0,1,5,186,1.0,1.0
324,174,14,18661461,,1867.6,0.0,PAID,9.0,1,6,186,1.0,1.0
325,174,14,18661867,,1490.26,0.0,PAID,9.0,1,6,186,1.0,1.0
326,124,14,18661042,2021-06-07 00:00:00,1042.06,0.0,PAID,6.0,1,5,186,1.0,1.0
327,124,14,18661476,,2357.2,0.0,PAID,9.0,1,5,186,1.0,1.0
328,33,14,18661047,2021-06-07 00:00:00,1490.46,0.0,PAID,6.0,1,2,186,1.0,1.0
329,33,14,18661058,2021-07-02 00:00:00,1693.86,0.0,PAID,7.0,1,2,186,1.0,1.0
330,194,14,18661052,2021-06-07 00:00:00,1394.86,0.0,PAID,6.0,1,6,186,1.0,1.0
331,194,14,18661277,2021-07-14 00:00:00,1455.06,0.0,PAID,7.0,1,6,186,1.0,1.0
332,194,14,18661465,,1867.4,0.0,PAID,9.0,1,6,186,1.0,1.0
333,177,14,18661054,2021-09-13 00:00:00,990.26,0.0,PAID,9.0,1,8,186,1.0,1.0
334,177,14,18661669,2021-08-02 00:00:00,455.4,0.0,PAID,8.0,1,8,186,1.0,1.0
335,177,14,18661759,,1490.46,0.0,PAID,9.0,1,8,186,1.0,1.0
336,102,14,18661657,2021-08-02 00:00:00,2678.4,0.0,PAID,8.0,0,7,186,1.0,1.0
337,188,14,18661074,2021-07-19 00:00:00,1147.86,0.0,PAID,7.0,1,5,186,0.6,1.0
338,188,14,18661265,2021-09-06 00:00:00,1490.46,0.0,PAID,9.0,1,5,186,0.6,1.0
339,197,14,18661661,2021-08-02 00:00:00,1443.6,0.0,PAID,8.0,0,5,186,1.0,1.0
340,130,14,18661861,,1490.46,0.0,PAID,9.0,0,5,186,0.8,1.0
341,70,14,18661158,2021-09-07 00:00:00,715.06,0.0,PAID,9.0,0,6,186,1.0,1.0
342,50,14,18661472,,1867.4,0.0,PAID,9.0,0,4,186,1.0,1.0
343,183,14,18661649,,710.4,0.0,PAID,9.0,0,5,186,1.0,1.0
344,119,14,18661253,2021-07-21 00:00:00,1490.26,0.0,PAID,7.0,0,2,186,1.0,1.0
345,105,14,18661274,2021-07-14 00:00:00,1447.86,0.0,PAID,7.0,0,6,186,1.0,1.0
346,4,14,18661658,2021-08-02 00:00:00,719.4,0.0,PAID,8.0,0,4,186,1.0,1.0
347,3,14,18661473,,2766.2,0.0,PAID,9.0,0,1,186,1.0,1.0
348,87,79,18660766,2021-05-12 00:00:00,813.86,0.0,PAID,5.0,0,8,18,1.0,1.0
349,150,79,18660840,2021-05-18 00:00:00,1147.86,0.0,PAID,5.0,0,6,18,1.0,1.0
350,126,79,18661240,2021-08-03 00:00:00,1383.66,0.0,PAID,8.0,0,6,18,1.0,1.0
351,47,79,18660783,2021-03-16 00:00:00,7267.4,988.02,PAID,3.0,0,5,18,1.0,1.0
352,39,79,18660966,2021-06-29 00:00:00,760.06,0.0,PAID,6.0,0,5,18,1.0,1.0
353,192,79,18661383,2021-08-13 00:00:00,59310.8,12622.81,PAID,8.0,0,8,18,1.0,1.0
354,61,79,18661783,2021-07-20 00:00:00,1225.46,0.0,PAID,7.0,0,11,18,0.8181818181818182,1.0
355,198,79,18661640,,1490.46,0.0,PAID,9.0,0,5,18,1.0,1.0
356,199,79,18661166,2021-08-19 00:00:00,1139.86,0.0,PAID,8.0,0,8,18,1.0,1.0
357,86,79,18661440,2021-09-27 00:00:00,1050.26,0.0,PAID,9.0,0,4,18,1.0,1.0
358,37,79,18661366,2021-07-27 00:00:00,6576.04,6576.04,PAID,7.0,0,8,18,1.0,1.0
359,196,79,18661840,2021-06-18 00:00:00,1490.26,0.0,PAID,6.0,0,7,18,1.0,1.0
360,38,79,18660983,2021-06-07 00:00:00,1490.26,0.0,PAID,6.0,0,7,18,1.0,1.0
361,165,79,18661040,2021-06-07 00:00:00,1169.06,0.0,PAID,6.0,1,8,18,1.0,1.0
362,165,79,18661183,2021-08-23 00:00:00,1455.06,0.0,PAID,8.0,1,8,18,1.0,1.0
363,32,79,18661766,2021-07-20 00:00:00,1447.86,0.0,PAID,7.0,0,7,18,1.0,1.0
364,132,79,18661583,,2111.26,0.0,PAID,9.0,0,5,18,0.8,1.0
365,91,79,18661566,,1490.26,0.0,PAID,9.0,0,1,18,1.0,1.0
366,87,71,18661356,2021-07-02 00:00:00,33165.79,0.0,PAID,7.0,0,8,6,1.0,1.0
367,106,71,18661156,2021-08-10 00:00:00,1139.86,0.0,PAID,8.0,0,8,6,1.0,1.0
368,148,71,18661556,,1867.4,0.0,PAID,9.0,0,6,6,1.0,1.0
369,116,71,18660956,2021-08-23 00:00:00,1447.86,0.0,PAID,8.0,0,5,6,1.0,1.0
370,50,71,18661756,2021-06-15 00:00:00,1118.46,0.0,PAID,6.0,0,4,6,1.0,1.0
371,21,71,18660756,2021-05-12 00:00:00,6000.0,6000.0,PAID,5.0,0,4,6,1.0,1.0
372,87,77,18661360,2021-06-24 00:00:00,1116.06,0.0,PAID,6.0,0,8,6,1.0,1.0
373,83,77,18661560,,1490.46,0.0,PAID,9.0,0,8,6,1.0,1.0
374,111,77,18660960,2021-08-23 00:00:00,1766.86,0.0,PAID,8.0,0,5,6,1.0,1.0
375,195,77,18660760,2021-05-12 00:00:00,5129.52,1495.09,PAID,5.0,0,5,6,1.0,1.0
376,32,77,18661760,,1490.46,0.0,PAID,9.0,0,7,6,1.0,1.0
377,21,77,18661160,2021-06-16 00:00:00,967.26,0.0,PAID,6.0,0,4,6,1.0,1.0
378,87,84,18661502,,3148.2,0.0,PAID,9.0,0,8,18,1.0,0.9444444444444444
379,110,84,18660902,2021-08-23 00:00:00,1490.46,0.0,PAID,8.0,0,12,18,1.0,0.9444444444444444
380,153,84,18661302,2021-08-17 00:00:00,962.26,0.0,PAID,8.0,0,13,18,1.0,0.9444444444444444
381,121,84,18660971,2021-06-07 00:00:00,4035.06,0.0,PAID,6.0,0,7,18,0.8571428571428571,0.9444444444444444
382,169,84,18661192,2021-05-17 23:04:00,1490.26,0.0,PAID,5.0,0,10,18,1.0,0.9444444444444444
383,146,84,18661592,,1792.46,0.0,PAID,9.0,0,10,18,1.0,0.9444444444444444
384,55,84,18661102,2021-08-20 00:00:00,1490.46,0.0,PAID,8.0,0,6,18,1.0,0.9444444444444444
385,171,84,18661792,,1290.46,0.0,PAID,9.0,0,6,18,1.0,0.9444444444444444
386,120,84,18661171,2021-07-30 00:00:00,1490.26,0.0,PAID,7.0,0,5,18,0.8,0.9444444444444444
387,112,84,18661571,,2111.06,0.0,PAID,9.0,0,11,18,1.0,0.9444444444444444
388,30,84,18661702,2021-07-30 00:00:00,618.8,0.0,PAID,7.0,0,7,18,1.0,0.9444444444444444
389,158,84,18660771,2021-05-12 00:00:00,743.46,0.0,PAID,5.0,0,4,18,1.0,0.9444444444444444
390,185,84,18660992,2021-06-07 00:00:00,1447.86,0.0,PAID,6.0,0,8,18,1.0,0.9444444444444444
391,109,84,18661902,,9548.84,844.46,FAILED,,0,4,18,0.75,0.9444444444444444
392,67,84,18661771,2021-07-20 00:00:00,1050.26,0.0,PAID,7.0,0,10,18,1.0,0.9444444444444444
393,197,84,18661392,2021-07-23 00:00:00,1225.46,0.0,PAID,7.0,0,5,18,1.0,0.9444444444444444
394,131,84,18661371,2021-09-09 00:00:00,1447.86,0.0,PAID,9.0,0,4,18,1.0,0.9444444444444444
395,74,84,18660792,2021-06-01 20:34:00,32322.24,32322.24,PAID,6.0,0,4,18,1.0,0.9444444444444444
396,58,15,18660734,2021-03-29 00:00:00,15146.12,3784.77,PAID,3.0,0,5,6,1.0,1.0
397,126,15,18661534,,1867.6,0.0,PAID,9.0,0,6,6,1.0,1.0
398,145,15,18661734,2021-07-28 00:00:00,40237.5,13779.79,PAID,7.0,0,7,6,1.0,1.0
399,107,15,18661134,2021-08-10 00:00:00,1490.26,0.0,PAID,8.0,0,5,6,1.0,1.0
400,57,15,18660934,2021-05-14 00:00:00,1490.46,0.0,PAID,5.0,0,4,6,1.0,1.0
401,70,15,18661334,2021-07-22 00:00:00,196908.84,196908.84,PAID,7.0,0,6,6,1.0,1.0
402,58,83,18661201,2021-08-23 00:00:00,1397.06,0.0,PAID,8.0,0,5,18,1.0,1.0
403,83,83,18661770,2021-07-20 00:00:00,1490.26,0.0,PAID,7.0,0,8,18,1.0,1.0
404,56,83,18660970,2021-06-07 00:00:00,1490.26,0.0,PAID,6.0,0,7,18,1.0,1.0
405,41,83,18660770,2021-05-12 00:00:00,1490.46,0.0,PAID,5.0,0,4,18,0.75,1.0
406,159,83,18661401,2021-07-22 00:00:00,1490.26,0.0,PAID,7.0,0,4,18,1.0,1.0
407,77,83,18660801,2021-06-16 00:00:00,1792.66,0.0,PAID,6.0,0,5,18,1.0,1.0
408,184,83,18661204,2021-05-17 00:00:00,1724.26,0.0,PAID,5.0,0,11,18,1.0,1.0
409,186,83,18661001,2021-06-07 00:00:00,1490.46,0.0,PAID,6.0,0,5,18,0.6,1.0
410,152,83,18661170,2021-06-24 00:00:00,4035.26,0.0,PAID,6.0,0,9,18,1.0,1.0
411,135,83,18661004,2021-06-07 00:00:00,8120.0,8120.0,PAID,6.0,0,6,18,0.8333333333333334,1.0
412,158,83,18661570,,1592.46,0.0,PAID,9.0,0,4,18,1.0,1.0
413,8,83,18661404,2021-08-20 00:00:00,2266.86,0.0,PAID,8.0,0,10,18,1.0,1.0
414,12,83,18661804,2021-07-23 00:00:00,990.26,0.0,PAID,7.0,0,8,18,1.0,1.0
415,105,83,18661604,,493.4,0.0,PAID,9.0,0,6,18,1.0,1.0
416,32,83,18660804,2021-06-10 14:47:00,1447.86,0.0,PAID,6.0,0,7,18,1.0,1.0
417,74,83,18661801,,1490.46,0.0,PAID,9.0,0,4,18,1.0,1.0
418,190,83,18661370,2021-07-27 00:00:00,4054.06,0.0,PAID,7.0,0,8,18,1.0,1.0
419,64,83,18661601,,800.66,0.0,PAID,9.0,0,5,18,1.0,1.0
420,49,85,18661707,2021-07-30 00:00:00,710.4,0.0,PAID,7.0,0,8,24,1.0,0.9583333333333334
421,52,85,18661379,2021-08-13 00:00:00,6576.04,6576.04,PAID,8.0,0,8,24,1.0,0.9583333333333334
422,121,85,18661907,,2383.26,0.0,FAILED,,0,7,24,0.8571428571428571,0.9583333333333334
423,169,85,18661772,2021-07-20 00:00:00,1490.26,0.0,PAID,7.0,0,10,24,1.0,0.9583333333333334
424,123,85,18661434,2021-09-27 00:00:00,962.06,0.0,PAID,9.0,1,9,24,0.8888888888888888,0.9583333333333334
425,123,85,18661579,,1490.26,0.0,PAID,9.0,1,9,24,0.8888888888888888,0.9583333333333334
426,11,85,18660834,2021-04-23 18:27:00,237719.84,237719.84,PAID,4.0,0,6,24,1.0,0.9583333333333334
427,29,85,18661507,,3148.2,0.0,PAID,9.0,0,9,24,1.0,0.9583333333333334
428,122,85,18660779,2021-05-12 02:16:00,324498.4,7932.47,PAID,5.0,0,8,24,1.0,0.9583333333333334
429,145,85,18661834,2021-06-18 00:00:00,1490.46,0.0,PAID,6.0,0,7,24,1.0,0.9583333333333334
430,82,85,18661179,2021-08-16 00:00:00,967.46,0.0,PAID,8.0,0,8,24,0.875,0.9583333333333334
431,184,85,18661572,,536.6,0.0,PAID,9.0,0,11,24,1.0,0.9583333333333334
432,101,85,18660907,2021-08-23 00:00:00,1490.26,0.0,PAID,8.0,0,8,24,1.0,0.9583333333333334
433,84,85,18661372,2021-09-09 00:00:00,1490.46,0.0,PAID,9.0,0,7,24,1.0,0.9583333333333334
434,44,85,18661172,2021-07-30 00:00:00,1490.26,0.0,PAID,7.0,0,9,24,1.0,0.9583333333333334
435,62,85,18660979,2021-06-07 00:00:00,253890.5,253890.5,PAID,6.0,0,4,24,1.0,0.9583333333333334
436,90,85,18661779,2021-07-20 00:00:00,1169.06,0.0,PAID,7.0,0,7,24,1.0,0.9583333333333334
437,176,85,18661234,2021-08-05 00:00:00,84007.0,905.13,PAID,8.0,0,6,24,1.0,0.9583333333333334
438,30,85,18661034,2021-06-07 00:00:00,2678.2,0.0,PAID,6.0,0,7,24,1.0,0.9583333333333334
439,31,85,18660772,2021-05-12 00:00:00,14462.32,14462.32,PAID,5.0,1,9,24,1.0,0.9583333333333334
440,31,85,18661307,2021-07-16 00:00:00,1490.46,0.0,PAID,7.0,1,9,24,1.0,0.9583333333333334
441,7,85,18661107,2021-05-21 00:00:00,990.46,0.0,PAID,5.0,0,6,24,1.0,0.9583333333333334
442,174,85,18660972,2021-06-07 00:00:00,1225.66,0.0,PAID,6.0,0,6,24,1.0,0.9583333333333334
443,105,85,18661634,2021-08-02 00:00:00,1225.46,0.0,PAID,8.0,0,6,24,1.0,0.9583333333333334
444,49,13,18660777,2021-05-12 02:16:00,1490.46,0.0,PAID,5.0,0,8,12,1.0,1.0
445,110,13,18661532,,85156.67,85156.67,PAID,9.0,0,12,12,1.0,1.0
446,9,13,18661732,2021-07-28 00:00:00,8822.96,8822.96,PAID,7.0,0,8,12,0.875,1.0
447,85,13,18660732,2021-03-15 00:00:00,183070.77,79421.63,PAID,3.0,0,7,12,1.0,1.0
448,98,13,18660977,2021-06-07 00:00:00,7000.0,2997.21,PAID,6.0,0,4,12,1.0,1.0
449,155,13,18660932,2021-05-19 00:00:00,25110.0,1692.95,PAID,5.0,1,11,12,1.0,1.0
450,155,13,18661377,2021-08-24 00:00:00,1282.06,0.0,PAID,8.0,1,11,12,1.0,1.0
451,175,13,18661777,2021-07-20 00:00:00,1447.86,0.0,PAID,7.0,0,8,12,1.0,1.0
452,166,13,18661132,2021-08-10 00:00:00,1139.86,0.0,PAID,8.0,0,8,12,0.875,1.0
453,152,13,18661577,,1490.46,0.0,PAID,9.0,0,9,12,1.0,1.0
454,16,13,18661177,2021-08-16 00:00:00,1139.86,0.0,PAID,8.0,0,15,12,0.9333333333333333,1.0
455,142,13,18661332,2021-07-22 00:00:00,11424.84,1583.4,PAID,7.0,0,4,12,1.0,1.0
456,49,16,18661780,,990.46,0.0,PAID,9.0,0,8,84,1.0,0.9523809523809523
457,75,16,18661600,,962.26,0.0,PAID,9.0,0,9,84,1.0,0.9523809523809523
458,110,16,18661526,,287.4,0.0,PAID,9.0,1,12,84,1.0,0.9523809523809523
459,110,16,18661845,2021-06-18 00:00:00,116261.0,116261.0,PAID,6.0,1,12,84,1.0,0.9523809523809523
460,25,16,18661013,2021-06-07 00:00:00,4035.06,0.0,PAID,6.0,0,3,84,1.0,0.9523809523809523
461,59,16,18660980,2021-06-07 00:00:00,1490.26,0.0,PAID,6.0,0,8,84,1.0,0.9523809523809523
462,78,16,18661320,2021-09-07 00:00:00,251757.12,251757.12,PAID,9.0,0,3,84,1.0,0.9523809523809523
463,163,16,18661735,2021-07-23 00:00:00,231189.16,231189.16,PAID,7.0,0,7,84,1.0,0.9523809523809523
464,187,16,18660897,2021-08-24 00:00:00,1050.26,0.0,PAID,8.0,0,5,84,1.0,0.9523809523809523
465,24,16,18661769,2021-07-20 00:00:00,1447.66,0.0,PAID,7.0,0,7,84,1.0,0.9523809523809523
466,29,16,18661213,2021-05-17 00:00:00,86252.96,30821.12,PAID,5.0,0,9,84,1.0,0.9523809523809523
467,95,16,18661680,2021-07-30 00:00:00,1447.86,0.0,PAID,7.0,0,8,84,1.0,0.9523809523809523
468,164,16,18661864,,728.66,0.0,PAID,9.0,0,8,84,1.0,0.9523809523809523
469,9,16,18661924,,1281.86,0.0,FAILED,,0,8,84,0.875,0.9523809523809523
470,5,16,18661880,,1490.46,0.0,PAID,9.0,0,4,84,1.0,0.9523809523809523
471,171,16,18661135,2021-08-10 00:00:00,1781.46,0.0,PAID,8.0,1,6,84,1.0,0.9523809523809523
472,171,16,18661326,2021-07-22 00:00:00,14026.72,2311.66,PAID,7.0,1,6,84,1.0,0.9523809523809523
473,99,16,18660735,2021-08-23 00:00:00,6323.16,2522.42,PAID,8.0,0,6,84,1.0,0.9523809523809523
474,151,16,18661324,2021-09-13 00:00:00,15325.92,15325.92,PAID,9.0,1,13,84,0.9230769230769231,0.9523809523809523
475,151,16,18661632,2021-07-27 00:00:00,710.4,0.0,PAID,7.0,1,13,84,0.9230769230769231,0.9523809523809523
476,167,16,18661813,,194990.5,56063.97,PAID,9.0,0,6,84,1.0,0.9523809523809523
477,10,16,18660769,2021-05-12 00:00:00,1461.06,0.0,PAID,5.0,1,6,84,1.0,0.9523809523809523
478,10,16,18661613,2021-07-19 00:00:00,992.4,0.0,PAID,7.0,1,6,84,1.0,0.9523809523809523
479,156,16,18661369,2021-07-27 00:00:00,1490.46,0.0,PAID,7.0,0,8,84,1.0,0.9523809523809523
480,127,16,18661400,2021-07-22 00:00:00,1490.46,0.0,PAID,7.0,0,5,84,1.0,0.9523809523809523
481,159,16,18660780,2021-03-04 00:00:00,8688.4,737.99,PAID,3.0,0,4,84,1.0,0.9523809523809523
482,35,16,18661520,,1867.4,0.0,PAID,9.0,0,5,84,1.0,0.9523809523809523
483,134,16,18661264,2021-08-19 00:00:00,1490.46,0.0,PAID,8.0,1,7,84,1.0,0.9523809523809523
484,134,16,18661697,2021-07-30 00:00:00,1490.46,0.0,PAID,7.0,1,7,84,1.0,0.9523809523809523
485,15,16,18661413,2021-09-15 00:00:00,1490.26,0.0,PAID,9.0,1,4,84,1.0,0.9523809523809523
486,15,16,18661878,,1379.86,0.0,PAID,9.0,1,4,84,1.0,0.9523809523809523
487,17,16,18660864,2021-09-30 00:00:00,13989.6,0.0,PAID,9.0,1,5,84,1.0,0.9523809523809523
488,17,16,18661645,,710.4,0.0,PAID,9.0,1,5,84,1.0,0.9523809523809523
489,89,16,18661078,2021-08-19 00:00:00,13270.4,6504.48,PAID,8.0,0,7,84,0.8571428571428571,0.9523809523809523
490,100,16,18661432,2021-08-10 00:00:00,1490.46,0.0,PAID,8.0,0,8,84,1.0,0.9523809523809523
491,61,16,18661535,,68614.0,18726.88,PAID,9.0,1,11,84,0.8181818181818182,0.9523809523809523
492,61,16,18661800,2021-08-03 00:00:00,1490.46,0.0,PAID,8.0,1,11,84,0.8181818181818182,0.9523809523809523
493,61,16,18661926,,1490.46,0.0,FAILED,,1,11,84,0.8181818181818182,0.9523809523809523
494,118,16,18661278,2021-07-14 00:00:00,1190.26,0.0,PAID,7.0,0,5,84,1.0,0.9523809523809523
495,140,16,18661664,2021-08-02 00:00:00,1010.8,0.0,PAID,8.0,0,5,84,0.8,0.9523809523809523
496,128,16,18661726,,60000.0,60000.0,PAID,9.0,0,6,84,1.0,0.9523809523809523
497,161,16,18661180,2021-08-23 00:00:00,1149.26,0.0,PAID,8.0,0,5,84,1.0,0.9523809523809523
498,179,16,18660800,2021-08-23 00:00:00,725.46,0.0,PAID,8.0,0,5,84,1.0,0.9523809523809523
499,152,16,18661032,2021-06-07 00:00:00,1490.26,0.0,PAID,6.0,0,9,84,1.0,0.9523809523809523
500,62,16,18661524,,1687.8,0.0,PAID,9.0,0,4,84,1.0,0.9523809523809523
501,172,16,18661569,,2678.4,0.0,PAID,9.0,0,4,84,1.0,0.9523809523809523
502,63,16,18660969,2021-06-07 00:00:00,1766.66,0.0,PAID,6.0,0,8,84,1.0,0.9523809523809523
503,37,16,18661678,2021-07-30 00:00:00,719.2,0.0,PAID,7.0,1,8,84,1.0,0.9523809523809523
504,37,16,18661832,2021-06-18 00:00:00,4418.44,4418.44,PAID,6.0,1,8,84,1.0,0.9523809523809523
505,16,16,18660878,2021-06-22 13:56:00,1118.46,0.0,PAID,6.0,1,15,84,0.9333333333333333,0.9523809523809523
506,16,16,18661380,2021-08-13 00:00:00,14597.44,3643.36,PAID,8.0,1,15,84,0.9333333333333333,0.9523809523809523
507,16,16,18661920,,341115.91,341115.91,FAILED,,1,15,84,0.9333333333333333,0.9523809523809523
508,125,16,18660924,2021-05-11 15:57:00,1490.26,0.0,PAID,5.0,0,8,84,1.0,0.9523809523809523
509,31,16,18661000,2021-06-07 00:00:00,525.66,0.0,PAID,6.0,1,9,84,1.0,0.9523809523809523
510,31,16,18661169,2021-09-09 00:00:00,1139.66,0.0,PAID,9.0,1,9,84,1.0,0.9523809523809523
511,108,16,18661480,,1688.0,0.0,PAID,9.0,0,4,84,0.75,0.9523809523809523
512,185,16,18660935,2021-05-14 00:00:00,2458.98,0.0,PAID,5.0,0,8,84,1.0,0.9523809523809523
513,72,16,18660813,2021-08-02 00:00:00,1490.26,0.0,PAID,8.0,1,4,84,1.0,0.9523809523809523
514,72,16,18661280,2021-07-16 00:00:00,1490.26,0.0,PAID,7.0,1,4,84,1.0,0.9523809523809523
515,57,16,18660832,2021-07-30 00:00:00,1490.46,0.0,PAID,7.0,0,4,84,1.0,0.9523809523809523
516,36,16,18661097,2021-08-20 00:00:00,1447.66,0.0,PAID,8.0,0,8,84,0.875,0.9523809523809523
517,7,16,18661245,2021-08-17 00:00:00,1447.86,0.0,PAID,8.0,0,6,84,1.0,0.9523809523809523
518,8,16,18661232,2021-08-05 00:00:00,63774.48,63774.48,PAID,8.0,0,10,84,1.0,0.9523809523809523
519,38,16,18661497,,287.4,0.0,PAID,9.0,0,7,84,1.0,0.9523809523809523
520,165,16,18660920,2021-08-23 00:00:00,2855.2,0.0,PAID,8.0,0,8,84,1.0,0.9523809523809523
521,12,16,18661200,2021-08-23 00:00:00,1139.86,0.0,PAID,8.0,0,8,84,1.0,0.9523809523809523
522,124,16,18661124,2021-06-29 00:00:00,1139.86,0.0,PAID,6.0,0,5,84,1.0,0.9523809523809523
523,102,16,18661064,2021-06-29 00:00:00,30856.0,0.0,PAID,6.0,0,7,84,1.0,0.9523809523809523
524,197,16,18661126,2021-08-10 00:00:00,222388.12,222388.12,PAID,8.0,0,5,84,1.0,0.9523809523809523
525,4,16,18661445,2021-08-24 00:00:00,1490.26,0.0,PAID,8.0,0,4,84,1.0,0.9523809523809523
526,97,16,18661478,,287.4,0.0,PAID,9.0,0,6,84,1.0,0.9523809523809523
527,2,16,18661297,2021-07-19 00:00:00,1255.06,0.0,PAID,7.0,0,4,84,1.0,0.9523809523809523
528,32,16,18661724,,710.2,0.0,PAID,9.0,0,7,84,1.0,0.9523809523809523
529,20,16,18660880,2021-08-25 00:00:00,1447.86,0.0,PAID,8.0,0,4,84,1.0,0.9523809523809523
530,180,16,18661120,2021-08-12 00:00:00,13270.4,13270.4,PAID,8.0,0,7,84,1.0,0.9523809523809523
531,190,16,18660845,2021-07-06 00:00:00,1490.26,0.0,PAID,7.0,1,8,84,1.0,0.9523809523809523
532,190,16,18661464,,1867.6,0.0,PAID,9.0,1,8,84,1.0,0.9523809523809523
533,43,16,18661335,2021-07-22 00:00:00,14955.88,14955.88,PAID,7.0,0,3,84,1.0,0.9523809523809523
534,54,16,18661580,,1983.06,0.0,PAID,9.0,1,4,84,1.0,0.9523809523809523
535,54,16,18661720,,1455.06,0.0,PAID,9.0,1,4,84,1.0,0.9523809523809523
536,117,16,18660926,2021-05-11 15:57:00,990.46,0.0,PAID,5.0,0,4,84,0.75,0.9523809523809523
537,71,16,18661080,2021-08-20 00:00:00,1490.46,0.0,PAID,8.0,0,6,84,0.8333333333333334,0.9523809523809523
538,34,16,18661045,2021-09-13 00:00:00,1490.46,0.0,PAID,9.0,0,2,84,1.0,0.9523809523809523
539,14,16,18661897,,1447.86,0.0,FAILED,,0,3,84,0.6666666666666666,0.9523809523809523
540,49,122,18661306,2021-08-17 00:00:00,1490.46,0.0,PAID,8.0,0,8,6,1.0,0.8333333333333334
541,146,122,18660906,2021-08-23 00:00:00,1306.06,0.0,PAID,8.0,0,10,6,1.0,0.8333333333333334
542,151,122,18661106,2021-05-21 00:00:00,2266.86,0.0,PAID,5.0,0,13,6,0.9230769230769231,0.8333333333333334
543,89,122,18661906,,7579.44,7579.44,FAILED,,0,7,6,0.8571428571428571,0.8333333333333334
544,190,122,18661706,2021-07-30 00:00:00,1490.46,0.0,PAID,7.0,0,8,6,1.0,0.8333333333333334
545,68,122,18661506,,201.2,0.0,PAID,9.0,0,4,6,1.0,0.8333333333333334
546,49,46,18661348,2021-07-13 00:00:00,8895.52,0.0,PAID,7.0,0,8,18,1.0,1.0
547,110,46,18661433,2021-08-10 00:00:00,4035.06,0.0,PAID,8.0,0,12,18,1.0,1.0
548,153,46,18660748,2021-05-13 00:00:00,8572.4,58.64,PAID,5.0,0,13,18,1.0,1.0
549,123,46,18661548,,16646.0,16646.0,PAID,9.0,0,9,18,0.8888888888888888,1.0
550,163,46,18661164,2021-09-07 00:00:00,2266.86,0.0,PAID,9.0,0,7,18,1.0,1.0
551,136,46,18661833,2021-06-18 00:00:00,4035.06,0.0,PAID,6.0,0,7,18,1.0,1.0
552,129,46,18661564,,1490.46,0.0,PAID,9.0,0,7,18,1.0,1.0
553,162,46,18661233,2021-08-05 00:00:00,84007.0,22002.05,PAID,8.0,0,7,18,1.0,1.0
554,192,46,18661764,2021-07-20 00:00:00,1490.46,0.0,PAID,7.0,0,8,18,1.0,1.0
555,81,46,18660948,2021-08-23 00:00:00,9952.8,4405.32,PAID,8.0,0,6,18,1.0,1.0
556,199,46,18661748,2021-08-10 00:00:00,1490.26,0.0,PAID,8.0,0,8,18,1.0,1.0
557,152,46,18660964,2021-06-24 00:00:00,214729.92,214729.92,PAID,6.0,0,9,18,1.0,1.0
558,62,46,18661364,2021-09-15 00:00:00,705.2,0.0,PAID,9.0,0,4,18,1.0,1.0
559,37,46,18660833,2021-07-30 00:00:00,4035.26,0.0,PAID,7.0,0,8,18,1.0,1.0
560,30,46,18660764,2021-05-12 00:00:00,5486.8,1490.89,PAID,5.0,0,7,18,1.0,1.0
561,7,46,18661148,2021-08-10 00:00:00,940.26,0.0,PAID,8.0,0,6,18,1.0,1.0
562,181,46,18661033,2021-06-07 00:00:00,357567.77,34739.84,PAID,6.0,0,6,18,1.0,1.0
563,67,46,18661633,,1225.66,0.0,PAID,9.0,0,10,18,1.0,1.0
564,49,73,18660757,2021-05-12 00:00:00,41180.0,9440.46,PAID,5.0,0,8,6,1.0,1.0
565,169,73,18661757,2021-06-15 00:00:00,1041.06,0.0,PAID,6.0,0,10,6,1.0,1.0
566,167,73,18661557,,238484.4,238484.4,PAID,9.0,0,6,6,1.0,1.0
567,100,73,18661357,2021-07-02 00:00:00,11091.92,1467.36,PAID,7.0,0,8,6,1.0,1.0
568,109,73,18660957,2021-08-23 00:00:00,1041.06,0.0,PAID,8.0,0,4,6,0.75,1.0
569,130,73,18661157,2021-08-10 00:00:00,1139.86,0.0,PAID,8.0,0,5,6,0.8,1.0
570,75,11,18660811,2021-07-26 00:00:00,14462.32,14462.32,PAID,7.0,0,9,18,1.0,1.0
571,115,11,18661411,2021-09-14 00:00:00,1490.46,0.0,PAID,9.0,0,4,18,1.0,1.0
572,153,11,18661451,,1490.26,0.0,PAID,9.0,1,13,18,1.0,1.0
573,153,11,18661811,,50663.7,50663.7,PAID,9.0,1,13,18,1.0,1.0
574,83,11,18661011,2021-06-07 00:00:00,142411.81,142411.81,PAID,6.0,0,8,18,1.0,1.0
575,18,11,18661651,,710.4,0.0,PAID,9.0,0,10,18,0.9,1.0
576,111,11,18661330,2021-09-13 00:00:00,59158.84,59158.84,PAID,9.0,0,5,18,1.0,1.0
577,85,11,18661051,2021-06-07 00:00:00,1542.46,0.0,PAID,6.0,0,7,18,1.0,1.0
578,104,11,18661530,,287.4,0.0,PAID,9.0,0,8,18,1.0,1.0
579,1,11,18660851,2021-04-28 17:08:00,10523.52,10523.52,PAID,4.0,0,8,18,1.0,1.0
580,155,11,18661251,2021-07-21 00:00:00,1172.86,0.0,PAID,7.0,0,11,18,1.0,1.0
581,166,11,18661730,2021-07-15 00:00:00,5711.84,2064.75,PAID,7.0,1,8,18,0.875,1.0
582,166,11,18661851,,990.46,0.0,PAID,9.0,1,8,18,0.875,1.0
583,93,11,18660730,2021-03-22 00:00:00,6418.28,624.48,PAID,3.0,0,6,18,1.0,1.0
584,186,11,18660930,2021-05-19 00:00:00,18246.8,4880.16,PAID,5.0,0,5,18,0.6,1.0
585,84,11,18661611,2021-07-19 00:00:00,1490.46,0.0,PAID,7.0,0,7,18,1.0,1.0
586,44,11,18661211,2021-05-11 22:37:00,171163.8,171163.8,PAID,5.0,0,9,18,1.0,1.0
587,161,11,18661130,2021-08-10 00:00:00,758.86,0.0,PAID,8.0,0,5,18,1.0,1.0
588,75,37,18660884,2021-08-25 00:00:00,1490.46,0.0,PAID,8.0,0,9,18,1.0,0.9444444444444444
589,151,37,18661514,,1687.8,0.0,PAID,9.0,0,13,18,0.9230769230769231,0.9444444444444444
590,114,37,18660744,2021-02-15 00:00:00,4035.26,0.0,PAID,2.0,0,8,18,1.0,0.9444444444444444
591,173,37,18660944,2021-05-07 16:06:00,577695.17,31302.12,PAID,5.0,0,5,18,1.0,0.9444444444444444
592,100,37,18661144,2021-08-10 00:00:00,1139.66,0.0,PAID,8.0,0,8,18,1.0,0.9444444444444444
593,140,37,18661084,2021-08-20 00:00:00,1723.66,0.0,PAID,8.0,0,5,18,0.8,0.9444444444444444
594,128,37,18661344,2021-07-13 00:00:00,14996.92,0.0,PAID,7.0,0,6,18,1.0,0.9444444444444444
595,40,37,18661884,,1905.46,0.0,PAID,9.0,0,7,18,1.0,0.9444444444444444
596,112,37,18660914,2021-08-23 00:00:00,1225.46,0.0,PAID,8.0,0,11,18,1.0,0.9444444444444444
597,196,37,18661714,,864.8,0.0,PAID,9.0,0,7,18,1.0,0.9444444444444444
598,94,37,18661114,2021-08-12 00:00:00,29816.64,29816.64,PAID,8.0,0,5,18,1.0,0.9444444444444444
599,8,37,18661484,,1867.4,0.0,PAID,9.0,0,10,18,1.0,0.9444444444444444
600,102,37,18661544,,11924.22,11924.22,PAID,9.0,1,7,18,1.0,0.9444444444444444
601,102,37,18661684,2021-07-30 00:00:00,1442.2,0.0,PAID,7.0,1,7,18,1.0,0.9444444444444444
602,188,37,18661914,,9750.02,0.0,FAILED,,0,5,18,0.6,0.9444444444444444
603,50,37,18661314,2021-06-15 20:08:00,1490.46,0.0,PAID,6.0,0,4,18,1.0,0.9444444444444444
604,183,37,18661744,2021-08-02 00:00:00,1490.46,0.0,PAID,8.0,0,5,18,1.0,0.9444444444444444
605,64,37,18661284,2021-07-16 00:00:00,1490.46,0.0,PAID,7.0,0,5,18,1.0,0.9444444444444444
606,75,64,18660817,2021-08-02 00:00:00,1313.86,0.0,PAID,8.0,0,9,12,1.0,1.0
607,189,64,18661617,2021-08-03 00:00:00,719.2,0.0,PAID,8.0,0,3,12,1.0,1.0
608,80,64,18661752,,990.46,0.0,PAID,9.0,0,9,12,1.0,1.0
609,19,64,18661417,2021-09-13 00:00:00,1383.66,0.0,PAID,9.0,0,3,12,0.6666666666666666,1.0
610,154,64,18660752,2021-05-12 00:00:00,10973.6,10973.6,PAID,5.0,0,5,12,0.8,1.0
611,159,64,18661817,,3000.0,1334.64,PAID,9.0,0,4,12,1.0,1.0
612,175,64,18661217,2021-06-24 00:00:00,663313.8,663313.8,PAID,6.0,0,8,12,1.0,1.0
613,16,64,18661017,2021-06-07 00:00:00,1490.26,0.0,PAID,6.0,1,15,12,0.9333333333333333,1.0
614,16,64,18661352,2021-06-17 00:00:00,12553.52,12553.52,PAID,6.0,1,15,12,0.9333333333333333,1.0
615,12,64,18660952,2021-08-23 00:00:00,1490.46,0.0,PAID,8.0,0,8,12,1.0,1.0
616,34,64,18661152,2021-08-10 00:00:00,1139.86,0.0,PAID,8.0,0,2,12,1.0,1.0
617,182,64,18661552,,1867.4,0.0,PAID,9.0,0,3,12,1.0,1.0
618,75,126,18661312,2021-09-07 00:00:00,1490.26,0.0,PAID,9.0,0,9,18,1.0,0.9444444444444444
619,106,126,18661216,2021-05-17 00:00:00,3370741.92,3370741.92,PAID,5.0,0,8,18,1.0,0.9444444444444444
620,149,126,18661912,,2266.86,0.0,FAILED,,0,6,18,0.8333333333333334,0.9444444444444444
621,27,126,18661112,2021-08-12 00:00:00,775.86,0.0,PAID,8.0,0,8,18,1.0,0.9444444444444444
622,164,126,18661016,2021-06-07 00:00:00,1490.46,0.0,PAID,6.0,0,8,18,1.0,0.9444444444444444
623,35,126,18661044,2021-09-13 00:00:00,4976.4,1071.82,PAID,9.0,0,5,18,1.0,0.9444444444444444
624,143,126,18661616,2021-08-03 00:00:00,710.4,0.0,PAID,8.0,0,8,18,1.0,0.9444444444444444
625,101,126,18661244,2021-08-17 00:00:00,1490.46,0.0,PAID,8.0,0,8,18,1.0,0.9444444444444444
626,137,126,18661444,2021-08-06 00:00:00,1490.26,0.0,PAID,8.0,0,5,18,1.0,0.9444444444444444
627,112,126,18661844,2021-06-18 00:00:00,4054.06,0.0,PAID,6.0,0,11,18,1.0,0.9444444444444444
628,96,126,18660816,2021-08-02 00:00:00,1490.46,0.0,PAID,8.0,0,7,18,1.0,0.9444444444444444
629,31,126,18661712,,710.4,0.0,PAID,9.0,0,9,18,1.0,0.9444444444444444
630,79,126,18661644,2021-08-02 00:00:00,917.66,0.0,PAID,8.0,0,6,18,1.0,0.9444444444444444
631,36,126,18660844,2021-07-06 00:00:00,2678.4,0.0,PAID,7.0,0,8,18,0.875,0.9444444444444444
632,113,126,18661816,,500.01,500.01,PAID,9.0,0,5,18,1.0,0.9444444444444444
633,181,126,18661416,2021-09-13 00:00:00,13032.6,32.38,PAID,9.0,0,6,18,1.0,0.9444444444444444
634,190,126,18661512,,287.2,0.0,PAID,9.0,0,8,18,1.0,0.9444444444444444
635,54,126,18660912,2021-08-23 00:00:00,2608.06,0.0,PAID,8.0,0,4,18,1.0,0.9444444444444444
636,52,12,18661531,,287.4,0.0,PAID,9.0,0,8,6,1.0,1.0
637,83,12,18661331,2021-09-13 00:00:00,14026.72,14026.72,PAID,9.0,0,8,6,1.0,1.0
638,18,12,18661731,2021-06-22 13:56:00,138915.8,23303.32,PAID,6.0,0,10,6,0.9,1.0
639,122,12,18660731,2021-02-18 00:00:00,27979.2,10520.15,PAID,2.0,0,8,6,1.0,1.0
640,82,12,18660931,2021-05-19 00:00:00,2268.66,0.0,PAID,5.0,0,8,6,0.875,1.0
641,13,12,18661131,2021-08-10 00:00:00,1693.86,0.0,PAID,8.0,0,5,6,1.0,1.0
642,52,19,18661338,2021-07-21 00:00:00,8641.3,0.0,PAID,7.0,0,8,12,1.0,1.0
643,153,19,18661538,,287.2,0.0,PAID,9.0,0,13,12,1.0,1.0
644,18,19,18661460,,2357.0,0.0,PAID,9.0,0,10,12,0.9,1.0
645,164,19,18660938,2021-05-14 00:00:00,1490.26,0.0,PAID,5.0,0,8,12,1.0,1.0
646,151,19,18660738,2021-02-08 00:00:00,1490.46,0.0,PAID,2.0,0,13,12,0.9230769230769231,1.0
647,10,19,18661660,2021-08-02 00:00:00,710.4,0.0,PAID,8.0,0,6,12,1.0,1.0
648,134,19,18661260,2021-06-16 00:00:00,1490.46,0.0,PAID,6.0,0,7,12,1.0,1.0
649,176,19,18661738,2021-06-11 15:21:00,272510.68,272510.68,PAID,6.0,0,6,12,1.0,1.0
650,94,19,18661060,2021-06-22 00:00:00,68579.2,68579.2,PAID,6.0,0,5,12,1.0,1.0
651,7,19,18660860,2021-05-12 00:00:00,1490.46,0.0,PAID,5.0,0,6,12,1.0,1.0
652,6,19,18661860,,1490.46,0.0,PAID,9.0,0,6,12,1.0,1.0
653,71,19,18661138,2021-08-10 00:00:00,1139.86,0.0,PAID,8.0,0,6,12,0.8333333333333334,1.0
654,189,127,18661443,2021-09-27 00:00:00,1447.86,0.0,PAID,9.0,0,3,12,1.0,1.0
655,122,127,18661243,2021-08-17 00:00:00,1490.46,0.0,PAID,8.0,0,8,12,1.0,1.0
656,41,127,18661214,2021-05-17 00:00:00,17524.12,8293.57,PAID,5.0,0,4,12,0.75,1.0
657,127,127,18661043,2021-06-07 00:00:00,136.8,0.0,PAID,6.0,0,5,12,1.0,1.0
658,47,127,18661414,2021-09-15 00:00:00,2111.06,0.0,PAID,9.0,0,5,12,1.0,1.0
659,137,127,18661843,2021-06-18 00:00:00,2268.66,0.0,PAID,6.0,0,5,12,1.0,1.0
660,28,127,18660843,2021-07-06 00:00:00,33152.8,0.0,PAID,7.0,0,6,12,0.8333333333333334,1.0
661,40,127,18661643,2021-08-02 00:00:00,89088.0,27216.66,PAID,8.0,0,7,12,1.0,1.0
662,172,127,18661814,,59578.76,59578.76,PAID,9.0,0,4,12,1.0,1.0
663,94,127,18660814,2021-08-02 00:00:00,1490.26,0.0,PAID,8.0,0,5,12,1.0,1.0
664,181,127,18661014,2021-06-07 00:00:00,1169.06,0.0,PAID,6.0,0,6,12,1.0,1.0
665,92,127,18661614,2021-07-19 00:00:00,2179.06,0.0,PAID,7.0,0,4,12,0.75,1.0
666,110,65,18661283,2021-07-16 00:00:00,1490.26,0.0,PAID,7.0,0,12,12,1.0,1.0
667,169,65,18661883,,10424.92,448.08,PAID,9.0,0,10,12,1.0,1.0
668,147,65,18661683,2021-07-30 00:00:00,1085.6,0.0,PAID,7.0,0,7,12,1.0,1.0
669,26,65,18661753,2021-06-15 00:00:00,1147.86,0.0,PAID,6.0,0,5,12,0.8,1.0
670,18,65,18661553,,851.6,0.0,PAID,9.0,0,10,12,0.9,1.0
671,24,65,18661483,,291031.47,141630.21,PAID,9.0,0,7,12,1.0,1.0
672,55,65,18660753,2021-05-12 00:00:00,6380.0,6380.0,PAID,5.0,0,6,12,1.0,1.0
673,56,65,18661083,2021-08-20 00:00:00,41718.24,41718.24,PAID,8.0,0,7,12,1.0,1.0
674,85,65,18660953,2021-08-23 00:00:00,1693.86,0.0,PAID,8.0,0,7,12,1.0,1.0
675,120,65,18660883,2021-08-25 00:00:00,5834.8,5834.8,PAID,8.0,0,5,12,0.8,1.0
676,192,65,18661353,2021-06-17 00:00:00,33165.79,0.0,PAID,6.0,0,8,12,1.0,1.0
677,172,65,18661153,2021-08-10 00:00:00,4054.26,0.0,PAID,8.0,0,4,12,1.0,1.0
678,110,89,18661578,,1618.46,0.0,PAID,9.0,0,12,18,1.0,1.0
679,153,89,18660812,2021-08-02 00:00:00,1490.26,0.0,PAID,8.0,0,13,18,1.0,1.0
680,123,89,18661012,2021-06-07 00:00:00,1490.26,0.0,PAID,6.0,0,9,18,0.8888888888888888,1.0
681,187,89,18661812,,124976.08,124976.08,PAID,9.0,0,5,18,1.0,1.0
682,146,89,18660978,2021-06-07 00:00:00,1490.26,0.0,PAID,6.0,0,10,18,1.0,1.0
683,167,89,18660974,2021-06-07 00:00:00,1225.46,0.0,PAID,6.0,0,6,18,1.0,1.0
684,156,89,18660774,2021-05-12 00:00:00,1447.86,0.0,PAID,5.0,0,8,18,1.0,1.0
685,145,89,18660778,2021-03-16 00:00:00,6380.0,6380.0,PAID,3.0,0,7,18,1.0,1.0
686,100,89,18661178,2021-08-16 00:00:00,1139.86,0.0,PAID,8.0,0,8,18,1.0,1.0
687,175,89,18661212,2021-05-17 00:00:00,79990.12,79990.12,PAID,5.0,0,8,18,1.0,1.0
688,107,89,18661174,2021-07-30 00:00:00,998.66,0.0,PAID,7.0,0,5,18,1.0,1.0
689,73,89,18661378,2021-08-13 00:00:00,1490.46,0.0,PAID,8.0,0,6,18,1.0,1.0
690,96,89,18661374,2021-08-17 00:00:00,217495.36,217495.36,PAID,8.0,0,7,18,1.0,1.0
691,31,89,18661612,2021-07-19 00:00:00,1490.46,0.0,PAID,7.0,0,9,18,1.0,1.0
692,181,89,18661412,2021-09-15 00:00:00,1490.46,0.0,PAID,9.0,0,6,18,1.0,1.0
693,194,89,18661774,2021-07-20 00:00:00,1490.26,0.0,PAID,7.0,0,6,18,1.0,1.0
694,4,89,18661574,,710.2,0.0,PAID,9.0,1,4,18,1.0,1.0
695,4,89,18661778,2021-07-20 00:00:00,1792.46,0.0,PAID,7.0,1,4,18,1.0,1.0
696,110,135,18661829,2021-07-06 00:00:00,1500.0,178.49,PAID,7.0,0,12,6,1.0,1.0
697,80,135,18661029,2021-06-07 00:00:00,33148.16,33148.16,PAID,6.0,0,9,6,1.0,1.0
698,187,135,18661229,2021-08-05 00:00:00,27184.6,27184.6,PAID,8.0,0,5,6,1.0,1.0
699,27,135,18661629,2021-07-27 00:00:00,694.8,0.0,PAID,7.0,0,8,6,1.0,1.0
700,28,135,18661429,2021-04-22 00:00:00,1455.06,0.0,PAID,4.0,0,6,6,0.8333333333333334,1.0
701,109,135,18660829,2021-07-30 00:00:00,1447597.9,420211.8,PAID,7.0,0,4,6,0.75,1.0
702,110,129,18661427,2021-04-22 00:00:00,1490.46,0.0,PAID,4.0,0,12,12,1.0,1.0
703,51,129,18661037,2021-06-07 00:00:00,1490.46,0.0,PAID,6.0,0,6,12,0.8333333333333334,1.0
704,111,129,18660837,2021-06-09 00:00:00,1490.46,0.0,PAID,6.0,0,5,12,1.0,1.0
705,156,129,18661027,2021-06-07 00:00:00,64584.16,64584.16,PAID,6.0,0,8,12,1.0,1.0
706,148,129,18661437,2021-07-09 00:00:00,1490.26,0.0,PAID,7.0,0,6,12,1.0,1.0
707,15,129,18660827,2021-07-30 00:00:00,34907.88,12739.13,PAID,7.0,0,4,12,1.0,1.0
708,98,129,18661837,2021-06-18 00:00:00,990.46,0.0,PAID,6.0,0,4,12,1.0,1.0
709,155,129,18661237,2021-08-05 00:00:00,992.6,0.0,PAID,8.0,0,11,12,1.0,1.0
710,140,129,18661227,2021-08-05 00:00:00,6000.0,0.0,PAID,8.0,0,5,12,0.8,1.0
711,124,129,18661827,2021-07-06 00:00:00,1500.0,1500.0,PAID,7.0,0,5,12,1.0,1.0
712,194,129,18661637,2021-08-02 00:00:00,1447.86,0.0,PAID,8.0,0,6,12,1.0,1.0
713,177,129,18661627,,4035.26,0.0,PAID,9.0,0,8,12,1.0,1.0
714,110,106,18661797,2021-08-03 00:00:00,1792.46,0.0,PAID,8.0,0,12,6,1.0,1.0
715,101,106,18661397,2021-07-22 00:00:00,1592.26,0.0,PAID,7.0,0,8,6,1.0,1.0
716,108,106,18660797,2021-08-23 00:00:00,1542.46,0.0,PAID,8.0,0,4,6,0.75,1.0
717,177,106,18661197,2021-06-15 00:00:00,967.46,0.0,PAID,6.0,0,8,6,1.0,1.0
718,14,106,18661597,,1022.2,0.0,PAID,9.0,0,3,6,0.6666666666666666,1.0
719,200,106,18660997,2021-06-07 00:00:00,1447.86,0.0,PAID,6.0,0,2,6,1.0,1.0
720,59,42,18661715,,1490.46,0.0,PAID,9.0,0,8,24,1.0,0.9583333333333334
721,169,42,18660763,2021-05-12 00:00:00,54576.84,54576.84,PAID,5.0,0,10,24,1.0,0.9583333333333334
722,76,42,18661746,2021-08-10 00:00:00,1475.26,0.0,PAID,8.0,0,7,24,1.0,0.9583333333333334
723,147,42,18661585,,2268.66,0.0,PAID,9.0,0,7,24,1.0,0.9583333333333334
724,146,42,18661515,,2957.2,0.0,PAID,9.0,0,10,24,1.0,0.9583333333333334
725,22,42,18660985,2021-06-07 00:00:00,2708.06,0.0,PAID,6.0,0,3,24,1.0,0.9583333333333334
726,27,42,18660946,2021-08-23 00:00:00,464167.04,464167.04,PAID,8.0,0,8,24,1.0,0.9583333333333334
727,129,42,18661363,2021-09-15 00:00:00,1490.26,0.0,PAID,9.0,0,7,24,1.0,0.9583333333333334
728,99,42,18660746,2021-03-16 00:00:00,26898.92,26898.92,PAID,3.0,0,6,24,1.0,0.9583333333333334
729,154,42,18661915,,62501.96,62501.96,FAILED,,0,5,24,0.8,0.9583333333333334
730,10,42,18660915,2021-08-23 00:00:00,4035.06,0.0,PAID,8.0,0,6,24,1.0,0.9583333333333334
731,156,42,18661115,2021-08-12 00:00:00,13214.67,0.0,PAID,8.0,0,8,24,1.0,0.9583333333333334
732,145,42,18661146,2021-08-10 00:00:00,1139.86,0.0,PAID,8.0,0,7,24,1.0,0.9583333333333334
733,162,42,18660963,2021-08-06 00:00:00,53081.6,53081.6,PAID,8.0,1,7,24,1.0,0.9583333333333334
734,162,42,18661763,,4035.26,0.0,PAID,9.0,1,7,24,1.0,0.9583333333333334
735,1,42,18661185,2021-07-12 00:00:00,1139.86,0.0,PAID,7.0,0,8,24,1.0,0.9583333333333334
736,184,42,18661163,2021-09-07 00:00:00,940.06,0.0,PAID,9.0,0,11,24,1.0,0.9583333333333334
737,166,42,18661785,,123192.0,0.0,PAID,9.0,0,8,24,0.875,0.9583333333333334
738,152,42,18661546,,287.4,0.0,PAID,9.0,0,9,24,1.0,0.9583333333333334
739,170,42,18660785,2021-05-21 00:00:00,3161.0,3161.0,PAID,5.0,0,3,24,1.0,0.9583333333333334
740,165,42,18661315,2021-07-12 00:00:00,1116.26,0.0,PAID,7.0,0,8,24,1.0,0.9583333333333334
741,2,42,18661385,2021-09-14 00:00:00,1490.46,0.0,PAID,9.0,0,4,24,1.0,0.9583333333333334
742,117,42,18661563,,1447.86,0.0,PAID,9.0,0,4,24,0.75,0.9583333333333334
743,138,42,18661346,2021-07-13 00:00:00,18942.36,0.0,PAID,7.0,0,4,24,1.0,0.9583333333333334
744,59,154,18661127,2021-08-10 00:00:00,1940.26,0.0,PAID,8.0,0,8,6,1.0,0.8333333333333334
745,39,154,18661727,2021-08-24 00:00:00,29069.6,29069.6,PAID,8.0,0,5,6,1.0,0.8333333333333334
746,42,154,18661527,,2357.0,0.0,PAID,9.0,0,8,6,0.875,0.8333333333333334
747,36,154,18661927,,800.66,0.0,FAILED,,0,8,6,0.875,0.8333333333333334
748,8,154,18661327,2021-07-22 00:00:00,25451.56,25451.56,PAID,7.0,0,10,6,1.0,0.8333333333333334
749,12,154,18660927,2021-05-13 20:08:00,1225.46,0.0,PAID,5.0,0,8,6,1.0,0.8333333333333334
750,59,36,18661543,,8346.2,8346.2,PAID,9.0,0,8,12,1.0,1.0
751,80,36,18661010,2021-06-07 00:00:00,1042.06,0.0,PAID,6.0,0,9,12,1.0,1.0
752,114,36,18661343,2021-08-10 00:00:00,3722.64,0.0,PAID,8.0,0,8,12,1.0,1.0
753,89,36,18661143,2021-08-10 00:00:00,4418.06,0.0,PAID,8.0,0,7,12,0.8571428571428571,1.0
754,184,36,18660943,2021-05-14 00:00:00,1490.26,0.0,PAID,5.0,0,11,12,1.0,1.0
755,66,36,18661410,2021-09-14 00:00:00,86569.64,86569.64,PAID,9.0,0,6,12,0.8333333333333334,1.0
756,195,36,18661810,,6830.08,2309.75,PAID,9.0,0,5,12,1.0,1.0
757,31,36,18661743,2021-08-02 00:00:00,1490.46,0.0,PAID,8.0,0,9,12,1.0,1.0
758,185,36,18661210,2021-05-17 00:00:00,166939.08,7809.44,PAID,5.0,0,8,12,1.0,1.0
759,12,36,18661610,2021-05-27 22:47:00,2678.4,0.0,PAID,5.0,0,8,12,1.0,1.0
760,46,36,18660810,2021-08-19 00:00:00,1118.46,0.0,PAID,8.0,0,3,12,0.6666666666666666,1.0
761,21,36,18660743,2021-04-14 00:00:00,2678.4,0.0,PAID,4.0,0,4,12,1.0,1.0
762,59,44,18660947,2021-08-23 00:00:00,4035.06,0.0,PAID,8.0,0,8,12,1.0,1.0
763,145,44,18661747,2021-08-10 00:00:00,1983.06,0.0,PAID,8.0,0,7,12,1.0,1.0
764,148,44,18661023,2021-06-07 00:00:00,81826.4,3942.37,PAID,6.0,0,6,12,1.0,1.0
765,17,44,18661423,2021-09-13 00:00:00,1781.46,0.0,PAID,9.0,0,5,12,1.0,1.0
766,128,44,18661223,2021-08-05 00:00:00,18801.28,18801.28,PAID,8.0,0,6,12,1.0,1.0
767,125,44,18660747,2021-03-16 00:00:00,6635.2,516.7,PAID,3.0,0,8,12,1.0,1.0
768,36,44,18661823,,2000.0,669.26,PAID,9.0,0,8,12,0.875,1.0
769,113,44,18661623,2021-08-03 00:00:00,705.4,0.0,PAID,8.0,0,5,12,1.0,1.0
770,70,44,18661347,2021-07-13 00:00:00,6276.76,2237.07,PAID,7.0,0,6,12,1.0,1.0
771,64,44,18661547,,3148.2,0.0,PAID,9.0,0,5,12,1.0,1.0
772,138,44,18660823,2021-07-30 00:00:00,990.46,0.0,PAID,7.0,1,4,12,1.0,1.0
773,138,44,18661147,2021-08-10 00:00:00,2052.66,0.0,PAID,8.0,1,4,12,1.0,1.0
774,59,113,18661663,2021-08-02 00:00:00,864.8,0.0,PAID,8.0,0,8,6,1.0,1.0
775,11,113,18661463,,1867.4,0.0,PAID,9.0,0,6,6,1.0,1.0
776,164,113,18660863,2021-09-30 00:00:00,1490.46,0.0,PAID,9.0,0,8,6,1.0,1.0
777,196,113,18661863,,9952.8,9952.8,PAID,9.0,0,7,6,1.0,1.0
778,92,113,18661263,2021-07-12 00:00:00,800.66,0.0,PAID,7.0,0,4,6,0.75,1.0
779,68,113,18661063,2021-06-29 00:00:00,35496.0,10951.66,PAID,6.0,0,4,6,1.0,1.0
780,51,17,18661782,2021-07-20 00:00:00,1490.46,0.0,PAID,7.0,0,6,12,0.8333333333333334,1.0
781,55,17,18660736,2021-08-23 00:00:00,1190.46,0.0,PAID,8.0,0,6,12,1.0,1.0
782,164,17,18660782,2021-06-03 16:28:00,166877.6,166877.6,PAID,6.0,0,8,12,1.0,1.0
783,148,17,18661136,2021-08-10 00:00:00,1490.46,0.0,PAID,8.0,0,6,12,1.0,1.0
784,184,17,18661336,2021-07-22 00:00:00,11402.2,0.0,PAID,7.0,0,11,12,1.0,1.0
785,13,17,18660936,2021-05-14 00:00:00,1490.26,0.0,PAID,5.0,0,5,12,1.0,1.0
786,199,17,18660982,2021-06-07 00:00:00,5703.72,2591.48,PAID,6.0,0,8,12,1.0,1.0
787,48,17,18661182,2021-08-23 00:00:00,1116.26,0.0,PAID,8.0,0,4,12,1.0,1.0
788,44,17,18661382,2021-08-13 00:00:00,1927.6,0.0,PAID,8.0,0,9,12,1.0,1.0
789,125,17,18661536,,7297.4,0.0,PAID,9.0,0,8,12,1.0,1.0
790,131,17,18661736,2021-07-28 00:00:00,49106.28,18561.35,PAID,7.0,0,4,12,1.0,1.0
791,64,17,18661582,,2398.06,0.0,PAID,9.0,0,5,12,1.0,1.0
792,51,38,18661145,2021-08-10 00:00:00,2268.66,0.0,PAID,8.0,0,6,12,0.8333333333333334,1.0
793,169,38,18661745,2021-08-10 00:00:00,1447.86,0.0,PAID,8.0,0,10,12,1.0,1.0
794,150,38,18661599,,1781.46,0.0,PAID,9.0,0,6,12,1.0,1.0
795,143,38,18661799,2021-08-03 00:00:00,1490.46,0.0,PAID,8.0,0,8,12,1.0,1.0
796,141,38,18661399,2021-07-22 00:00:00,11924.22,11924.22,PAID,7.0,0,7,12,1.0,1.0
797,186,38,18660799,2021-03-18 00:00:00,2268.66,0.0,PAID,3.0,0,5,12,0.6,1.0
798,16,38,18660745,2021-03-17 00:00:00,526.26,0.0,PAID,3.0,0,15,12,0.9333333333333333,1.0
799,165,38,18661199,2021-06-15 00:00:00,940.06,0.0,PAID,6.0,0,8,12,1.0,1.0
800,67,38,18660945,2021-08-23 00:00:00,158108.0,158108.0,PAID,8.0,0,10,12,1.0,1.0
801,177,38,18661345,2021-07-13 00:00:00,12553.52,12553.52,PAID,7.0,0,8,12,1.0,1.0
802,102,38,18661545,,2357.0,0.0,PAID,9.0,0,7,12,1.0,1.0
803,68,38,18660999,2021-06-07 00:00:00,1447.86,0.0,PAID,6.0,0,4,12,1.0,1.0
804,115,86,18661687,2021-07-30 00:00:00,1490.46,0.0,PAID,7.0,0,4,6,1.0,0.8333333333333334
805,85,86,18660887,2021-06-25 00:00:00,1169.06,0.0,PAID,6.0,0,7,6,1.0,0.8333333333333334
806,151,86,18661887,,20885.8,1354.71,FAILED,,0,13,6,0.9230769230769231,0.8333333333333334
807,93,86,18661087,2021-08-23 00:00:00,277339.82,277339.82,PAID,8.0,0,6,6,1.0,0.8333333333333334
808,63,86,18661287,2021-05-18 14:19:00,2678.4,0.0,PAID,5.0,0,8,6,1.0,0.8333333333333334
809,176,86,18661487,,1867.4,0.0,PAID,9.0,0,6,6,1.0,0.8333333333333334
810,115,91,18661581,,2691.4,0.0,PAID,9.0,0,4,12,1.0,0.9166666666666666
811,146,91,18661695,2021-07-30 00:00:00,719.2,0.0,PAID,7.0,0,10,12,1.0,0.9166666666666666
812,129,91,18661381,2021-08-13 00:00:00,1490.46,0.0,PAID,8.0,0,7,12,1.0,0.9166666666666666
813,135,91,18660781,2021-08-23 00:00:00,81626.88,81626.88,PAID,8.0,0,6,12,0.8333333333333334,0.9166666666666666
814,31,91,18660981,2021-06-07 00:00:00,1147.86,0.0,PAID,6.0,0,9,12,1.0,0.9166666666666666
815,79,91,18661181,2021-05-12 21:34:00,1139.86,0.0,PAID,5.0,0,6,12,1.0,0.9166666666666666
816,94,91,18661095,2021-08-20 00:00:00,1490.46,0.0,PAID,8.0,0,5,12,1.0,0.9166666666666666
817,38,91,18661295,2021-07-19 00:00:00,1490.46,0.0,PAID,7.0,0,7,12,1.0,0.9166666666666666
818,97,91,18661495,,923.6,0.0,PAID,9.0,0,6,12,1.0,0.9166666666666666
819,132,91,18661895,,1592.46,0.0,FAILED,,0,5,12,0.8,0.9166666666666666
820,43,91,18660895,2021-08-24 00:00:00,469473.97,469473.97,PAID,8.0,0,3,12,1.0,0.9166666666666666
821,182,91,18661781,2021-07-20 00:00:00,1490.46,0.0,PAID,7.0,0,3,12,1.0,0.9166666666666666
822,153,98,18660788,2021-04-19 00:15:00,1490.46,0.0,PAID,4.0,0,13,18,1.0,0.9444444444444444
823,123,98,18661388,2021-09-17 00:00:00,1490.46,0.0,PAID,9.0,0,9,18,0.8888888888888888,0.9444444444444444
824,26,98,18661019,2021-06-07 00:00:00,1490.26,0.0,PAID,6.0,0,5,18,0.8,0.9444444444444444
825,150,98,18661219,2021-05-07 16:05:00,8236.0,8236.0,PAID,5.0,0,6,18,1.0,0.9444444444444444
826,29,98,18661503,,287.4,0.0,PAID,9.0,0,9,18,1.0,0.9444444444444444
827,122,98,18660819,2021-07-12 00:00:00,1983.06,0.0,PAID,7.0,1,8,18,1.0,0.9444444444444444
828,122,98,18661188,2021-07-12 00:00:00,1139.86,0.0,PAID,7.0,1,8,18,1.0,0.9444444444444444
829,77,98,18661819,,1000.0,102.44,PAID,9.0,0,5,18,1.0,0.9444444444444444
830,82,98,18661903,,1490.26,0.0,FAILED,,0,8,18,0.875,0.9444444444444444
831,81,98,18661419,2021-09-13 00:00:00,1447.86,0.0,PAID,9.0,0,6,18,1.0,0.9444444444444444
832,175,98,18660988,2021-06-07 00:00:00,1693.86,0.0,PAID,6.0,0,8,18,1.0,0.9444444444444444
833,179,98,18661103,2021-08-20 00:00:00,1394.86,0.0,PAID,8.0,0,5,18,1.0,0.9444444444444444
834,63,98,18661619,2021-08-03 00:00:00,1447.86,0.0,PAID,8.0,0,8,18,1.0,0.9444444444444444
835,176,98,18660903,2021-08-23 00:00:00,1490.46,0.0,PAID,8.0,0,6,18,1.0,0.9444444444444444
836,36,98,18661303,2021-09-29 00:00:00,1490.46,0.0,PAID,9.0,0,8,18,0.875,0.9444444444444444
837,113,98,18661588,,1172.86,0.0,PAID,9.0,0,5,18,1.0,0.9444444444444444
838,191,98,18661788,,4035.26,0.0,PAID,9.0,0,5,18,1.0,0.9444444444444444
839,131,98,18661703,,1050.26,0.0,PAID,9.0,0,4,18,1.0,0.9444444444444444
840,153,18,18660937,2021-05-14 00:00:00,5220.0,1833.12,PAID,5.0,0,13,12,1.0,1.0
841,169,18,18661537,,287.4,0.0,PAID,9.0,0,10,12,1.0,1.0
842,126,18,18660737,2021-02-08 00:00:00,920.26,0.0,PAID,2.0,0,6,12,1.0,1.0
843,154,18,18661003,2021-06-07 00:00:00,1447.66,0.0,PAID,6.0,0,5,12,0.8,1.0
844,162,18,18660803,2021-08-23 00:00:00,1986.06,0.0,PAID,8.0,0,7,12,1.0,1.0
845,90,18,18661603,,710.4,0.0,PAID,9.0,0,7,12,1.0,1.0
846,16,18,18661737,2021-07-28 00:00:00,5711.84,2347.14,PAID,7.0,0,15,12,0.9333333333333333,1.0
847,158,18,18661137,2021-08-10 00:00:00,1490.26,0.0,PAID,8.0,0,4,12,1.0,1.0
848,67,18,18661803,2021-07-26 00:00:00,123192.0,48221.29,PAID,7.0,0,10,12,1.0,1.0
849,20,18,18661203,2021-05-17 00:00:00,1139.86,0.0,PAID,5.0,0,4,12,1.0,1.0
850,71,18,18661337,2021-07-21 00:00:00,4320.65,0.0,PAID,7.0,0,6,12,0.8333333333333334,1.0
851,14,18,18661403,2021-08-03 00:00:00,1618.26,0.0,PAID,8.0,0,3,12,0.6666666666666666,1.0
852,153,67,18661607,,1225.46,0.0,PAID,9.0,0,13,18,1.0,1.0
853,147,67,18660965,2021-06-24 00:00:00,10523.52,1297.69,PAID,6.0,0,7,18,1.0,1.0
854,136,67,18661365,2021-09-15 00:00:00,243.26,0.0,PAID,9.0,0,7,18,1.0,1.0
855,151,67,18661765,2021-07-20 00:00:00,1490.46,0.0,PAID,7.0,0,13,18,0.9230769230769231,1.0
856,192,67,18660954,2021-08-23 00:00:00,1394.86,0.0,PAID,8.0,0,8,18,1.0,1.0
857,81,67,18661407,2021-07-23 00:00:00,1792.46,0.0,PAID,7.0,0,6,18,1.0,1.0
858,141,67,18661207,2021-05-17 00:00:00,1490.26,0.0,PAID,5.0,0,7,18,1.0,1.0
859,84,67,18661807,,1885.46,0.0,PAID,9.0,0,7,18,1.0,1.0
860,66,67,18660754,2021-05-12 00:00:00,57848.04,28893.02,PAID,5.0,0,6,18,0.8333333333333334,1.0
861,42,67,18661754,2021-06-15 00:00:00,2560.06,0.0,PAID,6.0,0,8,18,0.875,1.0
862,96,67,18660765,2021-05-12 00:00:00,947.86,0.0,PAID,5.0,0,7,18,1.0,1.0
863,79,67,18660807,2021-06-24 00:00:00,1490.46,0.0,PAID,6.0,0,6,18,1.0,1.0
864,72,67,18661554,,1867.6,0.0,PAID,9.0,0,4,18,1.0,1.0
865,133,67,18661565,,1490.46,0.0,PAID,9.0,0,5,18,1.0,1.0
866,165,67,18661165,2021-08-19 00:00:00,832.06,0.0,PAID,8.0,0,8,18,1.0,1.0
867,2,67,18661354,2021-06-17 00:00:00,10932.49,0.0,PAID,6.0,0,4,18,1.0,1.0
868,180,67,18661007,2021-06-07 00:00:00,1225.46,0.0,PAID,6.0,0,7,18,1.0,1.0
869,68,67,18661154,2021-08-10 00:00:00,1139.66,0.0,PAID,8.0,0,4,18,1.0,1.0
870,153,92,18660976,2021-06-07 00:00:00,14536.57,14536.57,PAID,6.0,0,13,12,1.0,1.0
871,5,92,18661176,2021-08-16 00:00:00,1139.66,0.0,PAID,8.0,0,4,12,1.0,1.0
872,104,92,18661776,2021-07-20 00:00:00,4657.4,776.02,PAID,7.0,0,8,12,1.0,1.0
873,127,92,18660776,2021-04-13 00:00:00,90359.36,90359.36,PAID,4.0,0,5,12,1.0,1.0
874,134,92,18660802,2021-06-16 00:00:00,1490.26,0.0,PAID,6.0,0,7,12,1.0,1.0
875,100,92,18661576,,1242.06,0.0,PAID,9.0,0,8,12,1.0,1.0
876,118,92,18661376,2021-08-24 00:00:00,1490.26,0.0,PAID,8.0,0,5,12,1.0,1.0
877,198,92,18661002,2021-06-07 00:00:00,2678.4,0.0,PAID,6.0,0,5,12,1.0,1.0
878,137,92,18661602,,1490.46,0.0,PAID,9.0,0,5,12,1.0,1.0
879,194,92,18661202,2021-05-17 00:00:00,238484.4,238484.4,PAID,5.0,0,6,12,1.0,1.0
880,142,92,18661402,2021-07-22 00:00:00,1182.66,0.0,PAID,7.0,0,4,12,1.0,1.0
881,54,92,18661802,,1113.66,0.0,PAID,9.0,0,4,12,1.0,1.0
882,80,104,18661595,,1107.26,0.0,PAID,9.0,0,9,18,1.0,0.9444444444444444
883,136,104,18661195,2021-06-15 00:00:00,962.06,0.0,PAID,6.0,0,7,18,1.0,0.9444444444444444
884,164,104,18661022,2021-06-07 00:00:00,1693.86,0.0,PAID,6.0,0,8,18,1.0,0.9444444444444444
885,104,104,18661317,2021-05-14 22:57:00,2266.66,0.0,PAID,5.0,0,8,18,1.0,0.9444444444444444
886,173,104,18660822,2021-08-17 00:00:00,1490.46,0.0,PAID,8.0,0,5,18,1.0,0.9444444444444444
887,199,104,18661422,2021-09-13 00:00:00,1490.26,0.0,PAID,9.0,0,8,18,1.0,0.9444444444444444
888,175,104,18661717,,710.4,0.0,PAID,9.0,0,8,18,1.0,0.9444444444444444
889,186,104,18661917,,473518.36,473518.36,FAILED,,0,5,18,0.6,0.9444444444444444
890,40,104,18661795,2021-08-03 00:00:00,4054.26,0.0,PAID,8.0,0,7,18,1.0,0.9444444444444444
891,90,104,18660995,2021-06-07 00:00:00,1490.26,0.0,PAID,6.0,0,7,18,1.0,0.9444444444444444
892,185,104,18661395,2021-07-22 00:00:00,1490.46,0.0,PAID,7.0,0,8,18,1.0,0.9444444444444444
893,133,104,18660917,2021-08-23 00:00:00,1490.46,0.0,PAID,8.0,0,5,18,1.0,0.9444444444444444
894,177,104,18661517,,7297.4,0.0,PAID,9.0,0,8,18,1.0,0.9444444444444444
895,142,104,18661622,2021-08-03 00:00:00,1490.46,0.0,PAID,8.0,1,4,18,1.0,0.9444444444444444
896,142,104,18661822,,3000.0,1100.89,PAID,9.0,1,4,18,1.0,0.9444444444444444
897,88,104,18661222,2021-08-05 00:00:00,25564.08,25564.08,PAID,8.0,0,3,18,1.0,0.9444444444444444
898,190,104,18661117,2021-08-03 00:00:00,27364.57,0.0,PAID,8.0,0,8,18,1.0,0.9444444444444444
899,200,104,18660795,2021-05-04 16:13:00,775.66,0.0,PAID,5.0,0,2,18,1.0,0.9444444444444444
900,80,145,18661248,2021-07-09 00:00:00,1447.86,0.0,PAID,7.0,0,9,6,1.0,1.0
901,150,145,18661448,2021-08-24 00:00:00,2268.66,0.0,PAID,8.0,0,6,6,1.0,1.0
902,175,145,18661048,2021-06-07 00:00:00,1885.46,0.0,PAID,6.0,0,8,6,1.0,1.0
903,152,145,18660848,2021-03-30 00:00:00,2111.06,0.0,PAID,3.0,0,9,6,1.0,1.0
904,63,145,18661648,,719.4,0.0,PAID,9.0,0,8,6,1.0,1.0
905,97,145,18661848,,990.46,0.0,PAID,9.0,0,6,6,1.0,1.0
906,80,95,18661288,2021-05-13 20:14:00,1920.46,0.0,PAID,5.0,0,9,6,1.0,0.8333333333333334
907,147,95,18661488,2021-07-20 00:00:00,1867.4,0.0,PAID,7.0,0,7,6,1.0,0.8333333333333334
908,84,95,18660888,2021-06-25 00:00:00,1050.26,0.0,PAID,6.0,0,7,6,1.0,0.8333333333333334
909,28,95,18661888,,990.26,0.0,FAILED,,0,6,6,0.8333333333333334,0.8333333333333334
910,185,95,18661088,2021-08-20 00:00:00,1490.46,0.0,PAID,8.0,0,8,6,1.0,0.8333333333333334
911,139,95,18661688,2021-07-30 00:00:00,2678.2,0.0,PAID,7.0,0,3,6,1.0,0.8333333333333334
912,121,21,18661718,,710.4,0.0,PAID,9.0,0,7,24,0.8571428571428571,0.9583333333333334
913,76,21,18661818,,3000.0,3000.0,PAID,9.0,0,7,24,1.0,0.9583333333333334
914,106,21,18660939,2021-05-14 00:00:00,2268.66,0.0,PAID,5.0,0,8,24,1.0,0.9583333333333334
915,114,21,18661318,2021-09-07 00:00:00,2111.26,0.0,PAID,9.0,0,8,24,1.0,0.9583333333333334
916,167,21,18661391,2021-09-20 00:00:00,1723.86,0.0,PAID,9.0,0,6,24,1.0,0.9583333333333334
917,10,21,18661591,,1490.26,0.0,PAID,9.0,0,6,24,1.0,0.9583333333333334
918,156,21,18661739,2021-07-28 00:00:00,52217.4,9539.26,PAID,7.0,0,8,24,1.0,0.9583333333333334
919,144,21,18661618,2021-08-03 00:00:00,710.4,0.0,PAID,8.0,0,4,24,1.0,0.9583333333333334
920,1,21,18661539,,1867.4,0.0,PAID,9.0,0,8,24,1.0,0.9583333333333334
921,45,21,18661518,,7333.6,0.0,PAID,9.0,0,3,24,1.0,0.9583333333333334
922,140,21,18661918,,1404452.75,1404452.75,FAILED,,0,5,24,0.8,0.9583333333333334
923,90,21,18660818,2021-07-12 00:00:00,990.46,0.0,PAID,7.0,1,7,24,1.0,0.9583333333333334
924,90,21,18661018,2021-06-07 00:00:00,1490.46,0.0,PAID,6.0,1,7,24,1.0,0.9583333333333334
925,116,21,18661339,2021-07-21 00:00:00,16992.31,0.0,PAID,7.0,0,5,24,1.0,0.9583333333333334
926,37,21,18660739,2021-07-23 00:00:00,990.46,0.0,PAID,7.0,0,8,24,1.0,0.9583333333333334
927,30,21,18661191,2021-07-12 00:00:00,1490.26,0.0,PAID,7.0,0,7,24,1.0,0.9583333333333334
928,57,21,18661418,2021-09-13 00:00:00,1490.46,0.0,PAID,9.0,0,4,24,1.0,0.9583333333333334
929,7,21,18661218,2021-06-24 00:00:00,1285010.2,1285010.2,PAID,6.0,0,6,24,1.0,0.9583333333333334
930,67,21,18661118,2021-08-12 00:00:00,7994.72,534.49,PAID,8.0,0,10,24,1.0,0.9583333333333334
931,70,21,18661791,,1313.86,0.0,PAID,9.0,0,6,24,1.0,0.9583333333333334
932,132,21,18661139,2021-08-10 00:00:00,2179.06,0.0,PAID,8.0,0,5,24,0.8,0.9583333333333334
933,21,21,18660791,2021-04-14 00:00:00,131973.2,0.0,PAID,4.0,0,4,24,1.0,0.9583333333333334
934,64,21,18660918,2021-08-23 00:00:00,1490.26,0.0,PAID,8.0,0,5,24,1.0,0.9583333333333334
935,139,21,18660991,2021-06-07 00:00:00,2408.06,0.0,PAID,6.0,0,3,24,1.0,0.9583333333333334
936,121,43,18661881,2021-05-24 18:29:00,1490.26,0.0,PAID,5.0,0,7,6,0.8571428571428571,1.0
937,9,43,18661681,2021-07-30 00:00:00,1559.26,0.0,PAID,7.0,0,8,6,0.875,1.0
938,82,43,18661081,2021-08-20 00:00:00,1042.06,0.0,PAID,8.0,0,8,6,0.875,1.0
939,192,43,18660881,2021-08-25 00:00:00,1306.06,0.0,PAID,8.0,0,8,6,1.0,1.0
940,37,43,18661281,2021-07-16 00:00:00,1592.26,0.0,PAID,7.0,0,8,6,1.0,1.0
941,103,43,18661481,,287.4,0.0,PAID,9.0,0,5,6,1.0,1.0
942,169,103,18661489,,44808.48,15424.29,PAID,9.0,0,10,6,1.0,0.8333333333333334
943,149,103,18661689,2021-07-30 00:00:00,710.4,0.0,PAID,7.0,0,6,6,0.8333333333333334,0.8333333333333334
944,35,103,18661089,2021-08-20 00:00:00,743.46,0.0,PAID,8.0,0,5,6,1.0,0.8333333333333334
945,134,103,18660889,2021-06-25 00:00:00,1179.06,0.0,PAID,6.0,0,7,6,1.0,0.8333333333333334
946,103,103,18661289,2021-08-17 00:00:00,1490.46,0.0,PAID,8.0,0,5,6,1.0,0.8333333333333334
947,117,103,18661889,,1490.46,0.0,FAILED,,0,4,6,0.75,0.8333333333333334
948,78,60,18660815,2021-08-02 00:00:00,1983.06,0.0,PAID,8.0,0,3,12,1.0,1.0
949,146,60,18661551,,2957.2,0.0,PAID,9.0,0,10,12,1.0,1.0
950,136,60,18661615,2021-08-03 00:00:00,1490.26,0.0,PAID,8.0,0,7,12,1.0,1.0
951,85,60,18661815,,57851.52,57851.52,PAID,9.0,0,7,12,1.0,1.0
952,155,60,18661351,2021-07-13 00:00:00,58.16,0.0,PAID,7.0,0,11,12,1.0,1.0
953,42,60,18661751,,1394.86,0.0,PAID,9.0,0,8,12,0.875,1.0
954,16,60,18660751,2021-08-23 00:00:00,7238.4,560.04,PAID,8.0,0,15,12,0.9333333333333333,1.0
955,36,60,18661415,2021-09-15 00:00:00,1983.26,0.0,PAID,9.0,0,8,12,0.875,1.0
956,67,60,18661215,2021-05-17 00:00:00,62304.76,16597.78,PAID,5.0,0,10,12,1.0,1.0
957,88,60,18661151,2021-08-10 00:00:00,940.26,0.0,PAID,8.0,0,3,12,1.0,1.0
958,180,60,18660951,2021-08-23 00:00:00,990.26,0.0,PAID,8.0,1,7,12,1.0,1.0
959,180,60,18661015,2021-06-07 00:00:00,133400.0,54622.28,PAID,6.0,1,7,12,1.0,1.0
960,76,101,18660841,2021-05-18 00:00:00,19338.8,19338.8,PAID,5.0,0,7,18,1.0,1.0
961,106,101,18661394,2021-07-22 00:00:00,1402.06,0.0,PAID,7.0,0,8,18,1.0,1.0
962,69,101,18661826,2021-07-06 00:00:00,2000.0,505.86,PAID,7.0,0,3,18,1.0,1.0
963,122,101,18661841,2021-06-18 00:00:00,1447.86,0.0,PAID,6.0,0,8,18,1.0,1.0
964,56,101,18661626,,1490.46,0.0,PAID,9.0,0,7,18,1.0,1.0
965,145,101,18661594,,1036.0,0.0,PAID,9.0,0,7,18,1.0,1.0
966,120,101,18660794,2021-05-05 22:03:00,1490.46,0.0,PAID,5.0,0,5,18,0.8,1.0
967,39,101,18660826,2021-07-30 00:00:00,1490.46,0.0,PAID,7.0,0,5,18,1.0,1.0
968,86,101,18660994,2021-06-07 00:00:00,58995.28,58995.28,PAID,6.0,0,4,18,1.0,1.0
969,112,101,18661426,2021-04-22 00:00:00,1225.46,0.0,PAID,4.0,0,11,18,1.0,1.0
970,116,101,18661226,2021-08-05 00:00:00,55401.6,18319.46,PAID,8.0,0,5,18,1.0,1.0
971,195,101,18661041,2021-06-07 00:00:00,1490.26,0.0,PAID,6.0,0,5,18,1.0,1.0
972,23,101,18661794,2021-08-03 00:00:00,2678.4,0.0,PAID,8.0,0,5,18,1.0,1.0
973,103,101,18661441,2021-09-27 00:00:00,2111.06,0.0,PAID,9.0,0,5,18,1.0,1.0
974,174,101,18661026,2021-06-07 00:00:00,67345.93,67345.93,PAID,6.0,0,6,18,1.0,1.0
975,70,101,18661194,2021-06-15 00:00:00,1297.86,0.0,PAID,6.0,0,6,18,1.0,1.0
976,191,101,18661641,2021-08-02 00:00:00,1490.26,0.0,PAID,8.0,0,5,18,1.0,1.0
977,32,101,18661241,2021-08-03 00:00:00,1281.86,0.0,PAID,8.0,0,7,18,1.0,1.0
978,76,153,18661123,2021-08-12 00:00:00,1132.06,0.0,PAID,8.0,0,7,6,1.0,0.8333333333333334
979,29,153,18660923,2021-05-11 15:56:00,1113.66,0.0,PAID,5.0,0,9,6,1.0,0.8333333333333334
980,73,153,18661323,2021-09-13 00:00:00,14026.98,14026.98,PAID,9.0,0,6,6,1.0,0.8333333333333334
981,183,153,18661523,,77121.44,77121.44,PAID,9.0,0,5,6,1.0,0.8333333333333334
982,105,153,18661723,,881.2,0.0,PAID,9.0,0,6,6,1.0,0.8333333333333334
983,92,153,18661923,,990.46,0.0,FAILED,,0,4,6,0.75,0.8333333333333334
984,147,87,18661373,2021-08-17 00:00:00,1225.46,0.0,PAID,8.0,0,7,18,1.0,0.9444444444444444
985,151,87,18661708,2021-07-30 00:00:00,627.4,0.0,PAID,7.0,0,13,18,0.9230769230769231,0.9444444444444444
986,114,87,18661631,2021-07-27 00:00:00,1447.86,0.0,PAID,7.0,0,8,18,1.0,0.9444444444444444
987,143,87,18660831,2021-07-30 00:00:00,466041.6,466041.6,PAID,7.0,0,8,18,1.0,0.9444444444444444
988,184,87,18661773,2021-07-20 00:00:00,1447.86,0.0,PAID,7.0,0,11,18,1.0,0.9444444444444444
989,101,87,18661573,,1447.86,0.0,PAID,9.0,1,8,18,1.0,0.9444444444444444
990,101,87,18661831,2021-06-18 00:00:00,410536.48,135095.14,PAID,6.0,1,8,18,1.0,0.9444444444444444
991,28,87,18661231,2021-08-05 00:00:00,73520.8,13309.75,PAID,8.0,0,6,18,0.8333333333333334,0.9444444444444444
992,42,87,18661908,,447.86,0.0,FAILED,,0,8,18,0.875,0.9444444444444444
993,112,87,18661108,2021-05-21 00:00:00,1592.26,0.0,PAID,5.0,0,11,18,1.0,0.9444444444444444
994,176,87,18660973,2021-06-07 00:00:00,1490.26,0.0,PAID,6.0,0,6,18,1.0,0.9444444444444444
995,79,87,18661431,2021-08-10 00:00:00,1490.46,0.0,PAID,8.0,0,6,18,1.0,0.9444444444444444
996,102,87,18661308,2021-05-31 00:00:00,1490.26,0.0,PAID,5.0,0,7,18,1.0,0.9444444444444444
997,191,87,18660773,2021-05-12 00:00:00,1490.26,0.0,PAID,5.0,0,5,18,1.0,0.9444444444444444
998,20,87,18660908,2021-08-23 00:00:00,1447.66,0.0,PAID,8.0,0,4,18,1.0,0.9444444444444444
999,190,87,18661173,2021-07-30 00:00:00,1139.66,0.0,PAID,7.0,0,8,18,1.0,0.9444444444444444
1000,43,87,18661508,,4047.8,0.0,PAID,9.0,0,3,18,1.0,0.9444444444444444
1001,71,87,18661031,2021-06-07 00:00:00,1658.8,172.77,PAID,6.0,0,6,18,0.8333333333333334,0.9444444444444444
1002,83,80,18661725,,293215.52,34476.84,PAID,9.0,0,8,18,1.0,0.9444444444444444
1003,163,80,18661824,,3000.0,269.06,PAID,9.0,0,7,18,1.0,0.9444444444444444
1004,26,80,18660967,2021-06-29 00:00:00,4054.26,0.0,PAID,6.0,0,5,18,0.8,0.9444444444444444
1005,27,80,18661167,2021-08-19 00:00:00,1490.26,0.0,PAID,8.0,0,8,18,1.0,0.9444444444444444
1006,136,80,18661424,2021-09-13 00:00:00,1242.06,0.0,PAID,9.0,0,7,18,1.0,0.9444444444444444
1007,154,80,18661624,2021-08-03 00:00:00,1490.46,0.0,PAID,8.0,0,5,18,0.8,0.9444444444444444
1008,47,80,18661224,2021-08-05 00:00:00,11866.8,11866.8,PAID,8.0,0,5,18,1.0,0.9444444444444444
1009,184,80,18661125,2021-06-29 00:00:00,1766.26,0.0,PAID,6.0,0,11,18,1.0,0.9444444444444444
1010,48,80,18661367,2021-07-27 00:00:00,1173.06,0.0,PAID,7.0,0,4,18,1.0,0.9444444444444444
1011,135,80,18661925,,1147.86,0.0,FAILED,,0,6,18,0.8333333333333334,0.9444444444444444
1012,86,80,18660824,2021-07-30 00:00:00,1490.46,0.0,PAID,7.0,0,4,18,1.0,0.9444444444444444
1013,8,80,18661525,,133608.8,133608.8,PAID,9.0,0,10,18,1.0,0.9444444444444444
1014,168,80,18661567,,4035.06,0.0,PAID,9.0,0,4,18,1.0,0.9444444444444444
1015,6,80,18661767,2021-07-20 00:00:00,1490.46,0.0,PAID,7.0,0,6,18,1.0,0.9444444444444444
1016,191,80,18661024,2021-06-07 00:00:00,1490.46,0.0,PAID,6.0,0,5,18,1.0,0.9444444444444444
1017,32,80,18661325,2021-09-13 00:00:00,201266.96,61675.26,PAID,9.0,0,7,18,1.0,0.9444444444444444
1018,46,80,18660925,2021-05-11 15:57:00,246073.89,27979.51,PAID,5.0,0,3,18,0.6666666666666666,0.9444444444444444
1019,74,80,18660767,2021-05-12 00:00:00,43386.97,5068.55,PAID,5.0,0,4,18,1.0,0.9444444444444444
1020,123,109,18661398,2021-07-22 00:00:00,1490.46,0.0,PAID,7.0,0,9,12,0.8888888888888888,1.0
1021,11,109,18661598,,1920.46,0.0,PAID,9.0,0,6,12,1.0,1.0
1022,95,109,18661420,2021-09-13 00:00:00,1490.46,0.0,PAID,9.0,0,8,12,1.0,1.0
1023,69,109,18661820,,43842.2,43842.2,PAID,9.0,0,3,12,1.0,1.0
1024,61,109,18660998,2021-06-07 00:00:00,1447.86,0.0,PAID,6.0,0,11,12,0.8181818181818182,1.0
1025,179,109,18660798,2021-03-18 00:00:00,1490.26,0.0,PAID,3.0,0,5,12,1.0,1.0
1026,90,109,18660820,2021-07-12 00:00:00,1490.26,0.0,PAID,7.0,0,7,12,1.0,1.0
1027,112,109,18661198,2021-06-15 00:00:00,238484.4,238484.4,PAID,6.0,0,11,12,1.0,1.0
1028,63,109,18661020,2021-06-07 00:00:00,1147.86,0.0,PAID,6.0,0,8,12,1.0,1.0
1029,165,109,18661620,2021-08-03 00:00:00,710.4,0.0,PAID,8.0,0,8,12,1.0,1.0
1030,183,109,18661220,2021-07-01 00:00:00,11866.8,11866.8,PAID,7.0,0,5,12,1.0,1.0
1031,139,109,18661798,2021-08-03 00:00:00,1490.46,0.0,PAID,8.0,0,3,12,1.0,1.0
1032,163,143,18661846,2021-06-03 15:15:00,1490.26,0.0,PAID,6.0,0,7,6,1.0,1.0
1033,149,143,18661646,2021-08-02 00:00:00,710.4,0.0,PAID,8.0,0,6,6,0.8333333333333334,1.0
1034,89,143,18660846,2021-05-04 23:27:00,1042.06,0.0,PAID,5.0,0,7,6,0.8571428571428571,1.0
1035,1,143,18661046,2021-06-07 00:00:00,1490.26,0.0,PAID,6.0,0,8,6,1.0,1.0
1036,125,143,18661246,2021-08-17 00:00:00,2179.06,0.0,PAID,8.0,1,8,6,1.0,1.0
1037,125,143,18661446,2021-08-24 00:00:00,1490.46,0.0,PAID,8.0,1,8,6,1.0,1.0
1038,26,54,18660784,2021-05-24 14:13:00,15158.88,15158.88,PAID,5.0,0,5,12,0.8,1.0
1039,18,54,18660949,2021-08-23 00:00:00,1490.46,0.0,PAID,8.0,0,10,12,0.9,1.0
1040,29,54,18661784,2021-07-20 00:00:00,865.2,0.0,PAID,7.0,0,9,12,1.0,1.0
1041,122,54,18661149,2021-08-10 00:00:00,1490.26,0.0,PAID,8.0,0,8,12,1.0,1.0
1042,184,54,18661184,2021-09-08 00:00:00,1490.26,0.0,PAID,9.0,0,11,12,1.0,1.0
1043,141,54,18661549,,45520.72,45520.72,PAID,9.0,0,7,12,1.0,1.0
1044,160,54,18660984,2021-06-07 00:00:00,1693.86,0.0,PAID,6.0,0,3,12,1.0,1.0
1045,16,54,18660749,2021-05-13 00:00:00,21848.6,6800.14,PAID,5.0,0,15,12,0.9333333333333333,1.0
1046,130,54,18661384,2021-09-14 00:00:00,13152.08,13152.08,PAID,9.0,0,5,12,0.8,1.0
1047,105,54,18661749,,1693.86,0.0,PAID,9.0,0,6,12,1.0,1.0
1048,97,54,18661349,2021-07-13 00:00:00,62702.55,0.0,PAID,7.0,0,6,12,1.0,1.0
1049,2,54,18661584,,679.2,0.0,PAID,9.0,0,4,12,1.0,1.0
1050,18,118,18661092,2021-06-04 18:31:00,1190.46,0.0,PAID,6.0,0,10,6,0.9,1.0
1051,56,118,18661492,2021-06-18 00:00:00,2357.2,0.0,PAID,6.0,0,7,6,1.0,1.0
1052,99,118,18661292,2021-07-19 00:00:00,1490.46,0.0,PAID,7.0,0,6,6,1.0,1.0
1053,168,118,18661692,,1490.46,0.0,PAID,9.0,0,4,6,1.0,1.0
1054,6,118,18660892,2021-09-17 00:00:00,1983.06,0.0,PAID,9.0,0,6,6,1.0,1.0
1055,191,118,18661892,2021-06-25 00:00:00,1147.86,0.0,PAID,6.0,0,5,6,1.0,1.0
1056,18,99,18661921,,65140.96,65140.96,FAILED,,0,10,18,0.9,0.8333333333333334
1057,99,99,18661721,,710.4,0.0,PAID,9.0,0,6,18,1.0,0.8333333333333334
1058,156,99,18661310,2021-05-31 00:00:00,1490.46,0.0,PAID,5.0,0,8,18,1.0,0.8333333333333334
1059,120,99,18661894,,1490.26,0.0,FAILED,,0,5,18,0.8,0.8333333333333334
1060,61,99,18661910,,1103.86,0.0,FAILED,,0,11,18,0.8181818181818182,0.8333333333333334
1061,45,99,18660894,2021-08-04 00:00:00,1792.46,0.0,PAID,8.0,0,3,18,1.0,0.8333333333333334
1062,101,99,18661494,,2571.4,0.0,PAID,9.0,0,8,18,1.0,0.8333333333333334
1063,198,99,18661110,2021-08-20 00:00:00,1490.26,0.0,PAID,8.0,0,5,18,1.0,0.8333333333333334
1064,141,99,18661510,,1867.4,0.0,PAID,9.0,0,7,18,1.0,0.8333333333333334
1065,128,99,18661521,,287.4,0.0,PAID,9.0,0,6,18,1.0,0.8333333333333334
1066,116,99,18661321,2021-09-07 00:00:00,5419.52,5419.52,PAID,9.0,0,5,18,1.0,0.8333333333333334
1067,96,99,18660921,2021-08-23 00:00:00,1490.46,0.0,PAID,8.0,0,7,18,1.0,0.8333333333333334
1068,36,99,18661294,2021-07-19 00:00:00,1490.46,0.0,PAID,7.0,0,8,18,0.875,0.8333333333333334
1069,133,99,18661694,2021-07-30 00:00:00,1490.46,0.0,PAID,7.0,0,5,18,1.0,0.8333333333333334
1070,6,99,18661121,2021-08-12 00:00:00,71630.0,0.0,PAID,8.0,0,6,18,1.0,0.8333333333333334
1071,197,99,18661710,2021-07-30 00:00:00,495.0,0.0,PAID,7.0,0,5,18,1.0,0.8333333333333334
1072,88,99,18660910,2021-08-23 00:00:00,1490.46,0.0,PAID,8.0,0,3,18,1.0,0.8333333333333334
1073,180,99,18661094,2021-08-20 00:00:00,1885.66,0.0,PAID,8.0,0,7,18,1.0,0.8333333333333334
1074,149,93,18661505,,1867.6,0.0,PAID,9.0,0,6,6,0.8333333333333334,0.8333333333333334
1075,134,93,18661705,2021-07-30 00:00:00,2266.86,0.0,PAID,7.0,0,7,6,1.0,0.8333333333333334
1076,155,93,18661105,2021-05-03 23:03:00,1447.86,0.0,PAID,5.0,0,11,6,1.0,0.8333333333333334
1077,166,93,18661905,,14755.2,14755.2,FAILED,,0,8,6,0.875,0.8333333333333334
1078,112,93,18660905,2021-08-23 00:00:00,1225.46,0.0,PAID,8.0,0,11,6,1.0,0.8333333333333334
1079,182,93,18661305,2021-08-17 00:00:00,1835.06,0.0,PAID,8.0,0,3,6,1.0,0.8333333333333334
1080,187,125,18660922,2021-06-17 00:00:00,1490.46,0.0,PAID,6.0,0,5,12,1.0,0.9166666666666666
1081,9,125,18661522,,11924.22,11924.22,PAID,9.0,0,8,12,0.875,0.9166666666666666
1082,171,125,18661893,2021-06-25 00:00:00,1792.46,0.0,PAID,6.0,0,6,12,1.0,0.9166666666666666
1083,93,125,18660893,2021-09-17 00:00:00,2268.46,0.0,PAID,9.0,0,6,12,1.0,0.9166666666666666
1084,66,125,18661922,,1490.46,0.0,FAILED,,0,6,12,0.8333333333333334,0.9166666666666666
1085,28,125,18661122,2021-08-12 00:00:00,70000.0,70000.0,PAID,8.0,0,6,12,0.8333333333333334,0.9166666666666666
1086,179,125,18661293,2021-07-19 00:00:00,1664.86,0.0,PAID,7.0,0,5,12,1.0,0.9166666666666666
1087,152,125,18661493,2021-08-11 00:00:00,287.4,0.0,PAID,8.0,0,9,12,1.0,0.9166666666666666
1088,62,125,18661093,2021-08-20 00:00:00,1792.46,0.0,PAID,8.0,0,4,12,1.0,0.9166666666666666
1089,160,125,18661693,2021-07-30 00:00:00,715.6,0.0,PAID,7.0,0,3,12,1.0,0.9166666666666666
1090,40,125,18661322,2021-09-02 00:00:00,173554.56,9529.61,PAID,9.0,0,7,12,1.0,0.9166666666666666
1091,172,125,18661722,,710.4,0.0,PAID,9.0,0,4,12,1.0,0.9166666666666666
1092,24,117,18660900,2021-08-31 00:00:00,1447.86,0.0,PAID,8.0,0,7,12,1.0,0.9166666666666666
1093,143,117,18661700,2021-07-30 00:00:00,710.4,0.0,PAID,7.0,0,8,12,1.0,0.9166666666666666
1094,82,117,18661300,2021-07-19 00:00:00,1490.46,0.0,PAID,7.0,0,8,12,0.875,0.9166666666666666
1095,61,117,18661605,,710.4,0.0,PAID,9.0,0,11,12,0.8181818181818182,0.9166666666666666
1096,135,117,18661500,,11924.22,11924.22,PAID,9.0,0,6,12,0.8333333333333334,0.9166666666666666
1097,16,117,18661805,,1490.46,0.0,PAID,9.0,0,15,12,0.9333333333333333,0.9166666666666666
1098,185,117,18660805,2021-08-23 00:00:00,1490.46,0.0,PAID,8.0,0,8,12,1.0,0.9166666666666666
1099,38,117,18661005,2021-06-07 00:00:00,2708.26,0.0,PAID,6.0,0,7,12,1.0,0.9166666666666666
1100,124,117,18661405,2021-07-23 00:00:00,1490.26,0.0,PAID,7.0,0,5,12,1.0,0.9166666666666666
1101,188,117,18661900,,4035.06,0.0,FAILED,,0,5,12,0.6,0.9166666666666666
1102,50,117,18661205,2021-05-17 00:00:00,1438.66,0.0,PAID,5.0,0,4,12,1.0,0.9166666666666666
1103,190,117,18661100,2021-08-20 00:00:00,1983.26,0.0,PAID,8.0,0,8,12,1.0,0.9166666666666666
1104,22,68,18661755,2021-06-15 00:00:00,990.26,0.0,PAID,6.0,0,3,12,1.0,1.0
1105,151,68,18660955,2021-08-23 00:00:00,1490.26,0.0,PAID,8.0,0,13,12,0.9230769230769231,1.0
1106,82,68,18661230,2021-08-05 00:00:00,102080.0,23019.45,PAID,8.0,0,8,12,0.875,1.0
1107,37,68,18661430,2021-04-22 00:00:00,800.66,0.0,PAID,4.0,0,8,12,1.0,1.0
1108,196,68,18660755,2021-05-12 00:00:00,17288.64,1310.62,PAID,5.0,0,7,12,1.0,1.0
1109,23,68,18660830,2021-07-30 00:00:00,20885.8,20885.8,PAID,7.0,0,5,12,1.0,1.0
1110,8,68,18661155,2021-08-10 00:00:00,806.26,0.0,PAID,8.0,0,10,12,1.0,1.0
1111,188,68,18661355,2021-07-02 00:00:00,6035.48,841.03,PAID,7.0,0,5,12,0.6,1.0
1112,130,68,18661830,2021-06-03 15:19:00,1000.0,465.67,PAID,6.0,0,5,12,0.8,1.0
1113,32,68,18661555,,11924.22,11924.22,PAID,9.0,0,7,12,1.0,1.0
1114,180,68,18661630,2021-07-27 00:00:00,687.2,0.0,PAID,7.0,0,7,12,1.0,1.0
1115,132,68,18661030,2021-06-07 00:00:00,1792.46,0.0,PAID,6.0,0,5,12,0.8,1.0
1116,27,81,18661168,2021-07-09 00:00:00,922.46,0.0,PAID,7.0,0,8,12,1.0,0.9166666666666666
1117,85,81,18661101,2021-07-07 00:00:00,1490.26,0.0,PAID,7.0,0,7,12,1.0,0.9166666666666666
1118,60,81,18660768,2021-05-12 00:00:00,1169.06,0.0,PAID,5.0,0,3,12,1.0,0.9166666666666666
1119,81,81,18660901,2021-08-23 00:00:00,1225.46,0.0,PAID,8.0,0,6,12,1.0,0.9166666666666666
1120,198,81,18660968,2021-06-07 00:00:00,1490.26,0.0,PAID,6.0,0,5,12,1.0,0.9166666666666666
1121,166,81,18661701,2021-07-30 00:00:00,864.8,0.0,PAID,7.0,0,8,12,0.875,0.9166666666666666
1122,6,81,18661501,,11924.22,2535.26,PAID,9.0,0,6,12,1.0,0.9166666666666666
1123,102,81,18661301,2021-07-19 00:00:00,1940.46,0.0,PAID,7.0,0,7,12,1.0,0.9166666666666666
1124,70,81,18661368,2021-07-27 00:00:00,2678.4,0.0,PAID,7.0,0,6,12,1.0,0.9166666666666666
1125,97,81,18661568,,1490.46,0.0,PAID,9.0,0,6,12,1.0,0.9166666666666666
1126,46,81,18661901,,1494.0,0.0,FAILED,,0,3,12,0.6666666666666666,0.9166666666666666
1127,20,81,18661768,2021-07-20 00:00:00,775.66,0.0,PAID,7.0,0,4,12,1.0,0.9166666666666666
1128,27,116,18661291,2021-06-29 00:00:00,1313.46,0.0,PAID,6.0,0,8,6,1.0,0.8333333333333334
1129,136,116,18661491,2021-06-18 00:00:00,1867.4,0.0,PAID,6.0,0,7,6,1.0,0.8333333333333334
1130,114,116,18661091,2021-07-06 00:00:00,2266.66,0.0,PAID,7.0,0,8,6,1.0,0.8333333333333334
1131,89,116,18661691,2021-07-30 00:00:00,1230.8,0.0,PAID,7.0,0,7,6,0.8571428571428571,0.8333333333333334
1132,61,116,18660891,2021-09-17 00:00:00,33199.2,14261.97,PAID,9.0,0,11,6,0.8181818181818182,0.8333333333333334
1133,186,116,18661891,,13530.2,0.0,FAILED,,0,5,6,0.6,0.8333333333333334
1134,19,151,18661913,,85097.6,39208.54,FAILED,,0,3,6,0.6666666666666666,0.8333333333333334
1135,9,151,18661113,2021-08-12 00:00:00,25557.12,25557.12,PAID,8.0,0,8,6,0.875,0.8333333333333334
1136,144,151,18661713,,688.4,0.0,PAID,9.0,0,4,6,1.0,0.8333333333333334
1137,93,151,18661313,2021-07-12 00:00:00,1490.26,0.0,PAID,7.0,0,6,6,1.0,0.8333333333333334
1138,44,151,18660913,2021-08-23 00:00:00,990.4,0.0,PAID,8.0,0,9,6,1.0,0.8333333333333334
1139,116,151,18661513,,1867.4,0.0,PAID,9.0,0,5,6,1.0,0.8333333333333334
1140,55,114,18661319,2021-06-22 20:49:00,2398.06,0.0,PAID,6.0,0,6,6,1.0,0.8333333333333334
1141,104,114,18661119,2021-08-12 00:00:00,9952.8,9952.8,PAID,8.0,0,8,6,1.0,0.8333333333333334
1142,152,114,18661519,,287.4,0.0,PAID,9.0,0,9,6,1.0,0.8333333333333334
1143,135,114,18660919,2021-08-23 00:00:00,1479.26,0.0,PAID,8.0,0,6,6,0.8333333333333334,0.8333333333333334
1144,196,114,18661719,,1091.8,0.0,PAID,9.0,0,7,6,1.0,0.8333333333333334
1145,108,114,18661919,,48513.52,7877.44,FAILED,,0,4,6,0.75,0.8333333333333334
1146,129,28,18661340,2021-07-21 00:00:00,6276.76,664.29,PAID,7.0,0,7,6,1.0,1.0
1147,118,28,18660940,2021-05-14 00:00:00,1447.86,0.0,PAID,5.0,0,5,6,1.0,1.0
1148,42,28,18660740,2021-04-14 00:00:00,121087.76,121087.76,PAID,4.0,0,8,6,0.875,1.0
1149,112,28,18661740,2021-08-02 00:00:00,5711.84,5711.84,PAID,8.0,0,11,6,1.0,1.0
1150,63,28,18661140,2021-08-10 00:00:00,178863.3,178863.3,PAID,8.0,0,8,6,1.0,1.0
1151,117,28,18661540,,287.4,0.0,PAID,9.0,0,4,6,0.75,1.0
1152,171,105,18661796,2021-08-03 00:00:00,447.86,0.0,PAID,8.0,0,6,6,1.0,1.0
1153,173,105,18661196,2021-06-15 00:00:00,1490.26,0.0,PAID,6.0,0,5,6,1.0,1.0
1154,13,105,18661396,2021-07-22 00:00:00,1490.26,0.0,PAID,7.0,0,5,6,1.0,1.0
1155,16,105,18660996,2021-06-07 00:00:00,13182.24,13182.24,PAID,6.0,0,15,6,0.9333333333333333,1.0
1156,23,105,18660796,2021-05-04 16:13:00,54357.6,4855.82,PAID,5.0,0,5,6,1.0,1.0
1157,177,105,18661596,,1490.26,0.0,PAID,9.0,0,8,6,1.0,1.0
1158,151,82,18661885,,1490.26,0.0,PAID,9.0,0,13,6,0.9230769230769231,1.0
1159,196,82,18661285,2021-08-17 00:00:00,1225.46,0.0,PAID,8.0,0,7,6,1.0,1.0
1160,38,82,18660885,2021-06-25 00:00:00,1592.46,0.0,PAID,6.0,0,7,6,1.0,1.0
1161,174,82,18661085,2021-08-09 00:00:00,1792.46,0.0,PAID,8.0,1,6,6,1.0,1.0
1162,174,82,18661485,,11924.22,5103.98,PAID,9.0,1,6,6,1.0,1.0
1163,119,82,18661685,2021-07-30 00:00:00,1490.26,0.0,PAID,7.0,0,2,6,1.0,1.0
1164,41,53,18661504,,1867.6,0.0,PAID,9.0,0,4,6,0.75,0.8333333333333334
1165,1,53,18661704,2021-07-30 00:00:00,1225.66,0.0,PAID,7.0,0,8,6,1.0,0.8333333333333334
1166,137,53,18661304,2021-07-02 00:00:00,318835.28,106826.52,PAID,7.0,0,5,6,1.0,0.8333333333333334
1167,23,53,18660904,2021-08-23 00:00:00,990.46,0.0,PAID,8.0,0,5,6,1.0,0.8333333333333334
1168,67,53,18661104,2021-08-20 00:00:00,317738.24,26890.94,PAID,8.0,0,10,6,1.0,0.8333333333333334
1169,71,53,18661904,,1490.46,0.0,FAILED,,0,6,6,0.8333333333333334,0.8333333333333334
1170,143,149,18661050,2021-06-07 00:00:00,17454.0,0.0,PAID,6.0,0,8,6,1.0,1.0
1171,112,149,18661850,,1490.46,0.0,PAID,9.0,0,11,6,1.0,1.0
1172,96,149,18660850,2021-04-28 17:07:00,72089.36,72089.36,PAID,4.0,0,7,6,1.0,1.0
1173,181,149,18661250,2021-07-21 00:00:00,1723.86,0.0,PAID,7.0,0,6,6,1.0,1.0
1174,197,149,18661450,,1490.26,0.0,PAID,9.0,0,5,6,1.0,1.0
1175,132,149,18661650,,864.6,0.0,PAID,9.0,0,5,6,0.8,1.0
1176,1,97,18661056,2021-06-28 00:00:00,1490.26,0.0,PAID,6.0,0,8,6,1.0,1.0
1177,12,97,18661856,,1490.26,0.0,PAID,9.0,0,8,6,1.0,1.0
1178,131,97,18660856,2021-06-10 00:00:00,33176.0,14677.21,PAID,6.0,0,4,6,1.0,1.0
1179,74,97,18661256,2021-08-17 00:00:00,2268.46,0.0,PAID,8.0,0,4,6,1.0,1.0
1180,71,97,18661656,2021-08-02 00:00:00,1490.46,0.0,PAID,8.0,0,6,6,0.8333333333333334,1.0
1181,138,97,18661456,,1867.6,0.0,PAID,9.0,0,4,6,1.0,1.0
1182,98,115,18660890,2021-06-25 00:00:00,743.66,0.0,PAID,6.0,0,4,6,1.0,0.8333333333333334
1183,40,115,18661090,2021-08-20 00:00:00,1490.26,0.0,PAID,8.0,1,7,6,1.0,0.8333333333333334
1184,40,115,18661690,,710.2,0.0,PAID,9.0,1,7,6,1.0,0.8333333333333334
1185,42,115,18661290,2021-06-29 00:00:00,1490.46,0.0,PAID,6.0,0,8,6,0.875,0.8333333333333334
1186,130,115,18661890,,1490.26,0.0,FAILED,,0,5,6,0.8,0.8333333333333334
1187,105,115,18661490,2021-06-18 00:00:00,178863.3,83670.6,PAID,6.0,0,6,6,1.0,0.8333333333333334
1188,155,133,18661828,2021-07-06 00:00:00,2200.0,2200.0,PAID,7.0,0,11,6,1.0,1.0
1189,193,133,18661028,2021-06-07 00:00:00,7018.0,7018.0,PAID,6.0,0,4,6,1.0,1.0
1190,8,133,18661428,2021-04-22 00:00:00,1490.46,0.0,PAID,4.0,0,10,6,1.0,1.0
1191,97,133,18660828,2021-07-30 00:00:00,1402.06,0.0,PAID,7.0,0,6,6,1.0,1.0
1192,92,133,18661228,2021-08-05 00:00:00,12782.04,2304.68,PAID,8.0,0,4,6,0.75,1.0
1193,180,133,18661628,,1490.26,0.0,PAID,9.0,0,7,6,1.0,1.0
1194,199,100,18661793,,1490.46,0.0,PAID,9.0,0,8,6,1.0,1.0
1195,107,100,18661193,2021-07-12 00:00:00,967.26,0.0,PAID,7.0,1,5,6,1.0,1.0
1196,107,100,18661593,,710.4,0.0,PAID,9.0,1,5,6,1.0,1.0
1197,176,100,18660993,2021-06-07 00:00:00,1447.86,0.0,PAID,6.0,0,6,6,1.0,1.0
1198,79,100,18660793,2021-05-04 16:13:00,1490.26,0.0,PAID,5.0,0,6,6,1.0,1.0
1199,183,100,18661393,2021-07-22 00:00:00,2179.26,0.0,PAID,7.0,0,5,6,1.0,1.0
